<DRUGS>
<DRUG med="Methylphenidate">
N06BA04
</DRUG>
<DRUG med="Methamphetamine">
N06BA04
</DRUG>
<DRUG med="Pseudoephedrine">
R01BA02
R01BA52
</DRUG>
<DRUG med="Amphetamine">
N06BA01
</DRUG>
<DRUG med="Diethylpropion">
A08AA03
A08AA53
</DRUG>
<DRUG med="Phentermine">
A08AA01
</DRUG>
<DRUG med="Atomoxetine">
N06BA09
</DRUG>
<DRUG med="Tranylcypromine">
N06AF04
N06CA03
</DRUG>
<DRUG med="Phenelzine">
N06AF03
</DRUG>
<DRUG med="Isocarboxazid">
N06AF01
</DRUG>
<DRUG med="Procarbazine">
L01XB01
</DRUG>
<DRUG med="Selegiline">
N04BD01
</DRUG>
<DRUG med="Atazanavir">
J05AE08
</DRUG>
<DRUG med="Omeprazole">
A02BC01
</DRUG>
<DRUG med="Lansoprazole">
A02BC03
</DRUG>
<DRUG med="Pantoprazole">
A02BC02
</DRUG>
<DRUG med="Rabeprazole">
A02BC04
</DRUG>
<DRUG med="Esmoprazole">
A02BC05
</DRUG>
<DRUG med="Febuxostat">
M04AA03
</DRUG>
<DRUG med="Azathioprine">
L04AX01
</DRUG>
<DRUG med="Mercaptopurine">
L01BB02
</DRUG>
<DRUG med="Fluoxetine">
N06AB03
</DRUG>
<DRUG med="Paroxetine">
N06AB05
</DRUG>
<DRUG med="Citalopram">
N06AB04
</DRUG>
<DRUG med="Escitalopram">
N06AB10
</DRUG>
<DRUG med="Sertraline">
N06AB06
</DRUG>
<DRUG med="Fluvoxamine">
N06AB08
</DRUG>
<DRUG med="Duloxetine">
N06AX21
G04BX18
</DRUG>
<DRUG med="Nefazodone">
N06AX06
</DRUG>
<DRUG med="Milnacipran">
N06AX17
</DRUG>
<DRUG med="Venlafaxine">
N06AX16
</DRUG>
<DRUG med="Irinotecan">
L01XX19
</DRUG>
<DRUG med="Ritonavir">
J05AE03
</DRUG>
<DRUG med="Nelfinavir">
J05AE04
</DRUG>
<DRUG med="Atazanavir">
J05AE08
</DRUG>
<DRUG med="Indinavir">
J05AE02
</DRUG>
<DRUG med="Saquinavir">
J05AE01
</DRUG>
<DRUG med="Amprenavir">
J05AE05
</DRUG>
<DRUG med="Lopinavir">
J05AE06
</DRUG>
<DRUG med="Tipranavir">
J05AE09
</DRUG>
<DRUG med="Fosamprenavir">
J05AE07
</DRUG>
<DRUG med="Clarithromycin">
J01FA09
A02BD04
A02BD05
A02BD06
</DRUG>
<DRUG med="Erythromycin">
D10AF02
D10AF52
S01AA17
J01FA01
R05GB07
</DRUG>
<DRUG med="Telithromycin">
J01FA15
</DRUG>
<DRUG med="Amiodarone">
C01BD01
</DRUG>
<DRUG med="Verapamil">
C08DA01
C08DA81
C08DA51
C08GA02
</DRUG>
<DRUG med="Diltiazem">
C08DB01
</DRUG>
<DRUG med="Ketoconazole">
J02AB02
</DRUG>
<DRUG med="Itraconazole">
J02AC02
</DRUG>
<DRUG med="Fluconazole">
J02AC01
</DRUG>
<DRUG med="Voriconazole">
J02AC03
</DRUG>
<DRUG med="Nefazodone">
N06AX06
</DRUG>
<DRUG med="Aprepitant">
A04AD12
</DRUG>
<DRUG med="Cimetidine">
A02BA01
A02BA51
</DRUG>
<DRUG med="Meperidine">
N02AB02
N02AB52
N02AB72
</DRUG>
<DRUG med="Methadone">
N07BC02
N02AC52
V04CN05
V70AA01
</DRUG>
<DRUG med="Fentanyl">
N01AH01
N01AH51
</DRUG>
<DRUG med="Tramadol">
N02AX02
N02AX52
</DRUG>
<DRUG med="Dextromethorphan">
R05DA09
R05DA59
</DRUG>
<DRUG med="Procarbazine">
L01XB01>
</DRUG>
<DRUG med="Desipramine">
N06AA01
</DRUG>
<DRUG med="Imipramine">
N06AA02
</DRUG>
<DRUG med="Imipramine Oxide">
N06AA03
</DRUG>
<DRUG med="Clomipramine">
N06AA04
</DRUG>
<DRUG med="Opipramol">
N06AA05
</DRUG>
<DRUG med="Trimipramine">
N06AA06
</DRUG>
<DRUG med="Lofepramine">
N06AA07
</DRUG>
<DRUG med="Dibenzepin">
N06AA08
</DRUG>
<DRUG med="Amitriptyline">
N06AA09
</DRUG>
<DRUG med="Nortriptyline">
N06AA10
</DRUG>
<DRUG med="Protriptyline">
N06AA11
</DRUG>
<DRUG med="Doxepin">
N06AA12
</DRUG>
<DRUG med="Iprindole">
N06AA13
</DRUG>
<DRUG med="Melitracen">
N06AA14
</DRUG>
<DRUG med="Butriptyline">
N06AA15
</DRUG>
<DRUG med="Dosulepin">
N06AA16
</DRUG>
<DRUG med="Amoxapine">
N06AA17
</DRUG>
<DRUG med="Dimetacrine">
N06AA18
</DRUG>
<DRUG med="Amineptine">
N06AA19
</DRUG>
<DRUG med="Noxiptilin">
N06AA20
</DRUG>
<DRUG med="Maprotiline">
N06AA21
</DRUG>
<DRUG med="Quinupramine">
N06AA23
</DRUG>
<DRUG med="Amitriptyline Oxide">
N06AA25
</DRUG>
<DRUG med="Amiodarone">
C01BD01
</DRUG>
<DRUG med="Anagrelide">
L01XX35
</DRUG>
<DRUG med="Arsenic trioxide">
L01XX27
</DRUG>
<DRUG med="Astemizole">
R06AX11
</DRUG>
<DRUG med="Azithromycin">
J01FA10
</DRUG>
<DRUG med="Bepridil">
C08EA02
</DRUG>
<DRUG med="Chloroquine">
P01BA01
</DRUG>
<DRUG med="Chlorpromazine">
N05AA01
</DRUG>
<DRUG med="Ciprofloxacin">
J01MA02
</DRUG>
<DRUG med="Cisapride">
A03FA02
</DRUG>
<DRUG med="Clarithromycin">
A02BD04
A02BD05
A02BD06
J01FA09
</DRUG>
<DRUG med="Cocaine">
N01BC01
</DRUG>
<DRUG med="Disopyramide">
C01BA03
</DRUG>
<DRUG med="Dofetilide">
C01BD04
</DRUG>
<DRUG med="Domperidone">
A03FA03
</DRUG>
<DRUG med="Donepezil">
N06DA02
</DRUG>
<DRUG med="Droperidol">
N01AX01
</DRUG>
<DRUG med="Flecainide">
C01BC04
</DRUG>
<DRUG med="Fluconazole">
J02AC01
D01AC15
</DRUG>
<DRUG med="Gatifloxacin">
J01MA16
</DRUG>
<DRUG med="Grepafloxacin">
J01MA11
</DRUG>
<DRUG med="Halofantrine">
P01BX01
</DRUG>
<DRUG med="Haloperidol">
N05AD01
</DRUG>
<DRUG med="Ibutilide">
C01BD05
</DRUG>
<DRUG med="Levofloxacin">
S01AX19
J01MA12
</DRUG>
<DRUG med="Levomepromazine">
N05AA02
</DRUG>
<DRUG med="Levomethadyl">
N07BC07
</DRUG>
<DRUG med="Mesoridazine">
N05AC03
</DRUG>
<DRUG med="Moxifloxacin">
J01MA14
</DRUG>
<DRUG med="Ondansetron">
A04AA01
</DRUG>
<DRUG med="Oxaliplatin">
L01XA03
</DRUG>
<DRUG med="Papaverine HCl">
A03AD01
C04AX38
G04BE02
G04BE52
C04BA02
</DRUG>
<DRUG med="Pentamidine">
P01CX01
</DRUG>
<DRUG med="Pimozide">
N05AG02
</DRUG>
<DRUG med="Probucol">
C10AX02
</DRUG>
<DRUG med="Procainamide">
C01BA02
</DRUG>
<DRUG med="Propofol">
N01AX10
</DRUG>
<DRUG med="Quinidine">
C01BA01
C01BA51
C01BA71
C08DA81
</DRUG>
<DRUG med="Sevoflurane">
N01AB08
</DRUG>
<DRUG med="Sotalol">
C07AA07
C07AA57
C07BA07
</DRUG>
<DRUG med="Sparfloxacin">
J01MA09
</DRUG>
<DRUG med="Sulpiride">
N05AL01
</DRUG>
<DRUG med="Terfenadine">
R06AX12
</DRUG>
<DRUG med="Thioridazine">
N05AC02
</DRUG>
<DRUG med="Sumatriptan">
</DRUG>
N02CC01
<DRUG med="Zolmitriptan">
N02CC03
</DRUG>
<DRUG med="Rizatriptan">
N02CC04
</DRUG>
<DRUG med ="Moclobemide">
N06AG02
</DRUG>
<DRUG med="Ritonavir">
J05AE03
</DRUG>
<DRUG med="Amprenavir">
J05AE05
</DRUG>
<DRUG med="Atazanavir">
J05AE08
</DRUG>
<DRUG med="Fosamprenavir">
J05AE07
</DRUG>
<DRUG med="Indinavir">
J05AE02
</DRUG>
<DRUG med="Lopinavir">
J05AE06
</DRUG>
<DRUG med="Nelfinavir">
J05AE04
</DRUG>
<DRUG med="Saquinavir">
J05AE01
</DRUG>
<DRUG med="Tipranavir">
J05AE09
</DRUG>
<DRUG med="Simvastatin">
C10AA01
C10BA02
C10BX01
</DRUG>
<DRUG med="Lovastatin">
C10AA02
C10BA01
</DRUG>
<DRUG med="Ergotamine">
N02CA02
N02CA52
N02CA72
</DRUG>
<DRUG med="Methylergonovine">
G02AB01
G02AC01
</DRUG>
<DRUG med="Dihydroergotamine">
N02CA01
N02CA51
N02CA71
C06AA02
C06AA50
</DRUG>
<DRUG med="Tizanidine">
M03BX02
</DRUG>
<DRUG med="Bosentan">
C02KX01
</DRUG>
<DRUG med="Rifapentine">
J04AB05
</DRUG>
<DRUG med="Carbamazepine">
N03AF01
</DRUG>
<DRUG med="Rifabutin">
J04AB04
</DRUG>
<DRUG med="St John's Wort">
N06AP01
N06AP51
</DRUG>
</DRUGS>