<INTERACTIONS>
<INTERACTION>
<DRUG1 group="Amphetamine derivates">
Dexmethylphenidate
Dextroamphetamine
Methylphenidate
Lisdexamefetamine
Methamphetamine
Phendimetrazine
Pseudoephedrine
Amphetamine
Benzphentamine
Diethylpropion
Phentermine
Atomoxetine
</DRUG1>
<DRUG2 group="MAO inhibitors">
Tranylcypromine
Phenelzine
Isocarboxazid
Procarbazine
Selegiline
</DRUG2>
</INTERACTION>
<INTERACTION>
<DRUG1 group="">
Atazanavir
</DRUG1>
<DRUG2 group="Proton pump inhibitors">
Omeprazole
Lansoprazole
Pantoprazole
Rabeprazole
Esmoprazole
</DRUG2>
</INTERACTION>
<INTERACTION>
<DRUG1 group="">
Febuxostat
</DRUG1>
<DRUG2 group="">
Azathioprine
Mercaptopurine
</DRUG2>
</INTERACTION>
<INTERACTION>
<DRUG1 group="Selective serotonine reuptake inhibitors">
Fluoxetine
Paroxetine
Citalopram
Escitalopram
Sertraline
Fluvoxamine
Duloxetine
Nefazodone
Desvenlafaxine
Milnacipran
Venlafaxine
Irinotecan
</DRUG1>
<DRUG2 group="MAO inhibitors">
Tranylcypromine
Phenelzine
Isocarboxazid
Procarbazine
Selegiline
</DRUG2>
</INTERACTION>
<INTERACTION>
<DRUG1 group="">
Irinotecan
</DRUG1>
<DRUG2 group="CYP3A4 inhibitors">
Ritonavir
Nelfinavir
Atazanavir
Indinavir
Saquinavir
Amprenavir
Darunavir
Lopinavir
Tipranavir
Fosamprenavir
Clarithromycin
Erythromycin
Telithromycin
Amiodarone
Verapamil
Diltiazem
Ketoconazole
Itraconazole
Fluconazole
Voriconazole
Nefazodone
Aprepitant
Cimetidine
</DRUG2>
</INTERACTION>
<INTERACTION>
<DRUG1 group="Narcotic analgesics">
Meperidine
Methadone
Tapentadol
Fentanyl
Tramadol
Dextromethorphan
</DRUG1>
<DRUG2 group="MAO inhibitors">
Tranylcypromine
Phenelzine
Isocarboxazid
Selegiline
Procarbazine
</DRUG2>
</INTERACTION>
<INTERACTION>
<DRUG1 group="Tricyclic antidepressants">
Desipramine
Imipramine
Imipramine Oxide
Clomipramine
Opipramol
Trimipramine
Lofepramine
Dibenzepin
Amitriptyline
Nortriptyline
Protriptyline
Doxepin
Iprindole
Melitracen
Butriptyline
Dosulepin
Amoxapine
Dimetacrine
Amineptine
Noxiptilin
Maprotiline
Quinupramine
Amitriptyline Oxide
</DRUG1>
<DRUG2 group="MAO inhibitors">
Tranylcypromine
Phenelzine
Isocarboxazid
Selegiline
Procarbazine
</DRUG2>
</INTERACTION>
<INTERACTION>
<DRUG1 group="QT prolonging agents">
Amiodarone
Anagrelide
Arsenic trioxide
Astemizole
Azithromycin
Bepridil
Chloroquine
Chlorpromazine
Cilostazol
Ciprofloxacin
Cisapride
Citalopram
Clarithromycin
Cocaine
Disopyramide
Dofetilide
Domperidone
Donepezil
Dronedarone
Droperidol
Erythromycin
Escitalopram
Flecainide
Fluconazole
Gatifloxacin
Grepafloxacin
Halofantrine
Haloperidol
Ibutilide
Levofloxacin
Levomepromazine
Levomethadyl
Mesoridazine
Methadone
Moxifloxacin
Ondansetron
Oxaliplatin
Papaverine HCl
Pentamidine
Pimozide
Probucol
Procainamide
Propofol
Quinidine
Sevoflurane
Sotalol
Sparfloxacin
Sulpiride
Terfenadine
Thioridazine
Vandetanib
</DRUG1>
<DRUG2 group="QT prolonging agents">
Amiodarone
Anagrelide
Arsenic trioxide
Astemizole
Azithromycin
Bepridil
Chloroquine
Chlorpromazine
Cilostazol
Ciprofloxacin
Cisapride
Citalopram
Clarithromycin
Cocaine
Disopyramide
Dofetilide
Domperidone
Donepezil
Dronedarone
Droperidol
Erythromycin
Escitalopram
Flecainide
Fluconazole
Gatifloxacin
Grepafloxacin
Halofantrine
Haloperidol
Ibutilide
Levofloxacin
Levomepromazine
Levomethadyl
Mesoridazine
Methadone
Moxifloxacin
Ondansetron
Oxaliplatin
Papaverine HCl
Pentamidine
Pimozide
Probucol
Procainamide
Propofol
Quinidine
Sevoflurane
Sotalol
Sparfloxacin
Sulpiride
Terfenadine
Thioridazine
Vandetanib
</DRUG2>
</INTERACTION>
<INTERACTION>
<DRUG1 group="">
Ramelteon
</DRUG1>
<DRUG2 group="Specific CYP1A2 inhibitors">
Fluvoxamine
Amiodarone
Ticlopidine
Ciprofloxacin
</DRUG2>
</INTERACTION>
<INTERACTION>
<DRUG1 group="Strong CYP3A4 inducers">
Bosentan
Rifapentine
Carbamezapine
Rifabutin
Rifampin
St John's Wort
</DRUG1>
<DRUG2 group="Protease inhibitors">
Ritonavir
Amprenavir
Atazanavir
Darunavir
Fosamprenavir
Indinavir
Lopinavir
Nelfinavir
Saquinavir
Tipranavir
</DRUG2>
</INTERACTION>
<INTERACTION>
<DRUG1 group="HMG Co-A reductase inhibitors">
Simvastatin
Lovastatin
</DRUG1>
<DRUG2 group="CYP3A4 hinhibitors">
Indinavir
Saquinavir
Tipranavir
Ritonavir
Nelfinavir
Atazanavir
Amprenavir
Darunavir
Lopinavir
Clarithromycin
Erythromycin
Telithromycin
Amiodarone
Verapamil
Diltiazem
Ketonazole
Itraconazole
Fluconazole
Voreconazole
Nefazodone
</DRUG2>
</INTERACTION>
<INTERACTION>
<DRUG1 group="CYP3A4 inhibitors">
Indinavir
Saquinavir
Tipranavir
Ritonavir
Nelfinavir
Atazanavir
Amprenavir
Darunavir
Lopinavir
Clarithromycin
Erythromycin
Telithromycin
Ketoconazole
Itraconazole
Voreconazole
</DRUG1>
<DRUG2 group="Ergot alkaloids and derivatives">
Ergotamine
Methylergonovine
Diphydroergotamine
Ergonovine
</DRUG2>
</INTERACTION>
<INTERACTION>
<DRUG1 group="">
Tizanidine
</DRUG1>
<DRUG2 group="CYP1A2 inhibitors">
Ciprofloxacin
Fluvoxamine
Mexiletine
Propafenone
Zileuton
Amiodarone
Ticlopidine
</DRUG2>
</INTERACTION>
<INTERACTION>
<DRUG1 group="">
Tranylcypromine
</DRUG1>
<DRUG2 group="">
Procarbazine
</DRUG2>
</INTERACTION>
<INTERACTION>
<DRUG1 group="Triptans">
Sumatriptan
Zolmitriptan
Rizatriptan
</DRUG1>
<DRUG2 group="MAO inhibitors">
Tranylcypromine
Phenelzine
Isocarboxamid
Moclobemide
Methylene blue
</DRUG2>
</INTERACTION>
</INTERACTIONS>