L01XX19;J05AE03
L01XX19;J05AE04
L01XX19;J05AE08
L01XX19;J05AE02
L01XX19;J05AE01
L01XX19;J05AE05
L01XX19;J05AE06
L01XX19;J05AE09
L01XX19;J05AE07
L01XX19;J01FA09
L01XX19;A02BD04
L01XX19;A02BD05
L01XX19;A02BD06
L01XX19;D10AF02
L01XX19;D10AF52
L01XX19;S01AA17
L01XX19;J01FA01
L01XX19;R05GB07
L01XX19;J01FA15
L01XX19;C01BD01
L01XX19;C08DA01
L01XX19;C08DA81
L01XX19;C08DA51
L01XX19;C08GA02
L01XX19;C08DB01
L01XX19;J02AB02
L01XX19;J02AC02
L01XX19;J02AC01
L01XX19;J02AC03
L01XX19;N06AX06
L01XX19;A04AD12
L01XX19;A02BA01
L01XX19;A02BA51
