J01RA07;B01AA03
J01RA07;B01AA07
J01RA07;A10BB01
J01RA07;A10BB09
J01RA07;A10BB12
J01RA07;B01AA04
J01RA07;N03AB02
J01RA07;A10BB03
J01RA07;V04CA01
C01BD01;B01AA03
C01BD01;B01AA07
C01BD01;A10BB01
C01BD01;A10BB09
C01BD01;A10BB12
C01BD01;B01AA04
C01BD01;N03AB02
C01BD01;A10BB03
C01BD01;V04CA01
J05AG03;B01AA03
J05AG03;B01AA07
J05AG03;A10BB01
J05AG03;A10BB09
J05AG03;A10BB12
J05AG03;B01AA04
J05AG03;N03AB02
J05AG03;A10BB03
J05AG03;V04CA01
C10AB05;B01AA03
C10AB05;B01AA07
C10AB05;A10BB01
C10AB05;A10BB09
C10AB05;A10BB12
C10AB05;B01AA04
C10AB05;N03AB02
C10AB05;A10BB03
C10AB05;V04CA01
C10AA04;B01AA03
C10AA04;B01AA07
C10AA04;A10BB01
C10AA04;A10BB09
C10AA04;A10BB12
C10AA04;B01AA04
C10AA04;N03AB02
C10AA04;A10BB03
C10AA04;V04CA01
N06AB08;B01AA03
N06AB08;B01AA07
N06AB08;A10BB01
N06AB08;A10BB09
N06AB08;A10BB12
N06AB08;B01AA04
N06AB08;N03AB02
N06AB08;A10BB03
N06AB08;V04CA01
J04AC01;B01AA03
J04AC01;B01AA07
J04AC01;A10BB01
J04AC01;A10BB09
J04AC01;A10BB12
J04AC01;B01AA04
J04AC01;N03AB02
J04AC01;A10BB03
J04AC01;V04CA01
C10AA02;B01AA03
C10AA02;B01AA07
C10AA02;A10BB01
C10AA02;A10BB09
C10AA02;A10BB12
C10AA02;B01AA04
C10AA02;N03AB02
C10AA02;A10BB03
C10AA02;V04CA01
A02BD08;B01AA03
A02BD08;B01AA07
A02BD08;A10BB01
A02BD08;A10BB09
A02BD08;A10BB12
A02BD08;B01AA04
A02BD08;N03AB02
A02BD08;A10BB03
A02BD08;V04CA01
N06AB05;B01AA03
N06AB05;B01AA07
N06AB05;A10BB01
N06AB05;A10BB09
N06AB05;A10BB12
N06AB05;B01AA04
N06AB05;N03AB02
N06AB05;A10BB03
N06AB05;V04CA01
M01AA01;B01AA03
M01AA01;B01AA07
M01AA01;A10BB01
M01AA01;A10BB09
M01AA01;A10BB12
M01AA01;B01AA04
M01AA01;N03AB02
M01AA01;A10BB03
M01AA01;V04CA01
M04AB01;B01AA03
M04AB01;B01AA07
M04AB01;A10BB01
M04AB01;A10BB09
M04AB01;A10BB12
M04AB01;B01AA04
M04AB01;N03AB02
M04AB01;A10BB03
M04AB01;V04CA01
N06AB06;B01AA03
N06AB06;B01AA07
N06AB06;A10BB01
N06AB06;A10BB09
N06AB06;A10BB12
N06AB06;B01AA04
N06AB06;N03AB02
N06AB06;A10BB03
N06AB06;V04CA01
J01EC01;B01AA03
J01EC01;B01AA07
J01EC01;A10BB01
J01EC01;A10BB09
J01EC01;A10BB12
J01EC01;B01AA04
J01EC01;N03AB02
J01EC01;A10BB03
J01EC01;V04CA01
J01ED08;B01AA03
J01ED08;B01AA07
J01ED08;A10BB01
J01ED08;A10BB09
J01ED08;A10BB12
J01ED08;B01AA04
J01ED08;N03AB02
J01ED08;A10BB03
J01ED08;V04CA01
L01CB02;B01AA03
L01CB02;B01AA07
L01CB02;A10BB01
L01CB02;A10BB09
L01CB02;A10BB12
L01CB02;B01AA04
L01CB02;N03AB02
L01CB02;A10BB03
L01CB02;V04CA01
J02AC03;B01AA03
J02AC03;B01AA07
J02AC03;A10BB01
J02AC03;A10BB09
J02AC03;A10BB12
J02AC03;B01AA04
J02AC03;N03AB02
J02AC03;A10BB03
J02AC03;V04CA01
R03DC01;B01AA03
R03DC01;B01AA07
R03DC01;A10BB01
R03DC01;A10BB09
R03DC01;A10BB12
R03DC01;B01AA04
R03DC01;N03AB02
R03DC01;A10BB03
R03DC01;V04CA01
J05AG04;B01AA03
J05AG04;B01AA07
J05AG04;A10BB01
J05AG04;A10BB09
J05AG04;A10BB12
J05AG04;B01AA04
J05AG04;N03AB02
J05AG04;A10BB03
J05AG04;V04CA01
L01BC02;B01AA03
L01BC02;B01AA07
L01BC02;A10BB01
L01BC02;A10BB09
L01BC02;A10BB12
L01BC02;B01AA04
L01BC02;N03AB02
L01BC02;A10BB03
L01BC02;V04CA01
L01BC52;B01AA03
L01BC52;B01AA07
L01BC52;A10BB01
L01BC52;A10BB09
L01BC52;A10BB12
L01BC52;B01AA04
L01BC52;N03AB02
L01BC52;A10BB03
L01BC52;V04CA01
C10AB04;B01AA03
C10AB04;B01AA07
C10AB04;A10BB01
C10AB04;A10BB09
C10AB04;A10BB12
C10AB04;B01AA04
C10AB04;N03AB02
C10AB04;A10BB03
C10AB04;V04CA01
N06AA02;B01AA03
N06AA02;B01AA07
N06AA02;A10BB01
N06AA02;A10BB09
N06AA02;A10BB12
N06AA02;B01AA04
N06AA02;N03AB02
N06AA02;A10BB03
N06AA02;V04CA01
L04AA13;B01AA03
L04AA13;B01AA07
L04AA13;A10BB01
L04AA13;A10BB09
L04AA13;A10BB12
L04AA13;B01AA04
L04AA13;N03AB02
L04AA13;A10BB03
L04AA13;V04CA01
G01AF04;B01AA03
G01AF04;B01AA07
G01AF04;A10BB01
G01AF04;A10BB09
G01AF04;A10BB12
G01AF04;B01AA04
G01AF04;N03AB02
G01AF04;A10BB03
G01AF04;V04CA01
G03XB01;B01AA03
G03XB01;B01AA07
G03XB01;A10BB01
G03XB01;A10BB09
G03XB01;A10BB12
G03XB01;B01AA04
G03XB01;N03AB02
G03XB01;A10BB03
G03XB01;V04CA01
N06BA07;B01AA03
N06BA07;B01AA07
N06BA07;A10BB01
N06BA07;A10BB09
N06BA07;A10BB12
N06BA07;B01AA04
N06BA07;N03AB02
N06BA07;A10BB03
N06BA07;V04CA01
J01EB02;B01AA03
J01EB02;B01AA07
J01EB02;A10BB01
J01EB02;A10BB09
J01EB02;A10BB12
J01EB02;B01AA04
J01EB02;N03AB02
J01EB02;A10BB03
J01EB02;V04CA01
M04AB02;B01AA03
M04AB02;B01AA07
M04AB02;A10BB01
M04AB02;A10BB09
M04AB02;A10BB12
M04AB02;B01AA04
M04AB02;N03AB02
M04AB02;A10BB03
M04AB02;V04CA01
L02BA02;B01AA03
L02BA02;B01AA07
L02BA02;A10BB01
L02BA02;A10BB09
L02BA02;A10BB12
L02BA02;B01AA04
L02BA02;N03AB02
L02BA02;A10BB03
L02BA02;V04CA01
N03AG01;B01AA03
N03AG01;B01AA07
N03AG01;A10BB01
N03AG01;A10BB09
N03AG01;A10BB12
N03AG01;B01AA04
N03AG01;N03AB02
N03AG01;A10BB03
N03AG01;V04CA01
R03DC01;B01AA03
R03DC01;B01AA07
R03DC01;A10BB01
R03DC01;A10BB09
R03DC01;A10BB12
R03DC01;B01AA04
R03DC01;N03AB02
R03DC01;A10BB03
R03DC01;V04CA01
L02BA01;B01AA03
L02BA01;B01AA07
L02BA01;A10BB01
L02BA01;A10BB09
L02BA01;A10BB12
L02BA01;B01AA04
L02BA01;N03AB02
L02BA01;A10BB03
L02BA01;V04CA01
L01XE28;B01AA03
L01XE28;B01AA07
L01XE28;A10BB01
L01XE28;A10BB09
L01XE28;A10BB12
L01XE28;B01AA04
L01XE28;N03AB02
L01XE28;A10BB03
L01XE28;V04CA01
J05AG02;B01AA03
J05AG02;B01AA07
J05AG02;A10BB01
J05AG02;A10BB09
J05AG02;A10BB12
J05AG02;B01AA04
J05AG02;N03AB02
J05AG02;A10BB03
J05AG02;V04CA01
P03AA04;B01AA03
P03AA04;B01AA07
P03AA04;A10BB01
P03AA04;A10BB09
P03AA04;A10BB12
P03AA04;B01AA04
P03AA04;N03AB02
P03AA04;A10BB03
P03AA04;V04CA01
M01AX04;B01AA03
M01AX04;B01AA07
M01AX04;A10BB01
M01AX04;A10BB09
M01AX04;A10BB12
M01AX04;B01AA04
M01AX04;N03AB02
M01AX04;A10BB03
M01AX04;V04CA01
L01BC06;B01AA03
L01BC06;B01AA07
L01BC06;A10BB01
L01BC06;A10BB09
L01BC06;A10BB12
L01BC06;B01AA04
L01BC06;N03AB02
L01BC06;A10BB03
L01BC06;V04CA01
J02AC01;B01AA03
J02AC01;B01AA07
J02AC01;A10BB01
J02AC01;A10BB09
J02AC01;A10BB12
J02AC01;B01AA04
J02AC01;N03AB02
J02AC01;A10BB03
J02AC01;V04CA01
J05AR06;B01AA03
J05AR06;B01AA07
J05AR06;A10BB01
J05AR06;A10BB09
J05AR06;A10BB12
J05AR06;B01AA04
J05AR06;N03AB02
J05AR06;A10BB03
J05AR06;V04CA01
C10BA03;B01AA03
C10BA03;B01AA07
C10BA03;A10BB01
C10BA03;A10BB09
C10BA03;A10BB12
C10BA03;B01AA04
C10BA03;N03AB02
C10BA03;A10BB03
C10BA03;V04CA01
J04AC51;B01AA03
J04AC51;B01AA07
J04AC51;A10BB01
J04AC51;A10BB09
J04AC51;A10BB12
J04AC51;B01AA04
J04AC51;N03AB02
J04AC51;A10BB03
J04AC51;V04CA01
C10BA01;B01AA03
C10BA01;B01AA07
C10BA01;A10BB01
C10BA01;A10BB09
C10BA01;A10BB12
C10BA01;B01AA04
C10BA01;N03AB02
C10BA01;A10BB03
C10BA01;V04CA01
J01RA03;B01AA03
J01RA03;B01AA07
J01RA03;A10BB01
J01RA03;A10BB09
J01RA03;A10BB12
J01RA03;B01AA04
J01RA03;N03AB02
J01RA03;A10BB03
J01RA03;V04CA01
M02AA01;B01AA03
M02AA01;B01AA07
M02AA01;A10BB01
M02AA01;A10BB09
M02AA01;A10BB12
M02AA01;B01AA04
M02AA01;N03AB02
M02AA01;A10BB03
M02AA01;V04CA01
J01EE01;B01AA03
J01EE01;B01AA07
J01EE01;A10BB01
J01EE01;A10BB09
J01EE01;A10BB12
J01EE01;B01AA04
J01EE01;N03AB02
J01EE01;A10BB03
J01EE01;V04CA01
J02AB01;B01AA03
J02AB01;B01AA07
J02AB01;A10BB01
J02AB01;A10BB09
J02AB01;A10BB12
J02AB01;B01AA04
J02AB01;N03AB02
J02AB01;A10BB03
J02AB01;V04CA01
G03XB51;B01AA03
G03XB51;B01AA07
G03XB51;A10BB01
G03XB51;A10BB09
G03XB51;A10BB12
G03XB51;B01AA04
G03XB51;N03AB02
G03XB51;A10BB03
G03XB51;V04CA01
N07BB01;B01AA03
N07BB01;B01AA07
N07BB01;A10BB01
N07BB01;A10BB09
N07BB01;A10BB12
N07BB01;B01AA04
N07BB01;N03AB02
N07BB01;A10BB03
N07BB01;V04CA01
C10BA04;B01AA03
C10BA04;B01AA07
C10BA04;A10BB01
C10BA04;A10BB09
C10BA04;A10BB12
C10BA04;B01AA04
C10BA04;N03AB02
C10BA04;A10BB03
C10BA04;V04CA01
M01AB51;B01AA03
M01AB51;B01AA07
M01AB51;A10BB01
M01AB51;A10BB09
M01AB51;A10BB12
M01AB51;B01AA04
M01AB51;N03AB02
M01AB51;A10BB03
M01AB51;V04CA01
J04AM02;B01AA03
J04AM02;B01AA07
J04AM02;A10BB01
J04AM02;A10BB09
J04AM02;A10BB12
J04AM02;B01AA04
J04AM02;N03AB02
J04AM02;A10BB03
J04AM02;V04CA01
J04AM05;B01AA03
J04AM05;B01AA07
J04AM05;A10BB01
J04AM05;A10BB09
J04AM05;A10BB12
J04AM05;B01AA04
J04AM05;N03AB02
J04AM05;A10BB03
J04AM05;V04CA01
J04AM06;B01AA03
J04AM06;B01AA07
J04AM06;A10BB01
J04AM06;A10BB09
J04AM06;A10BB12
J04AM06;B01AA04
J04AM06;N03AB02
J04AM06;A10BB03
J04AM06;V04CA01
J04AM01;B01AA03
J04AM01;B01AA07
J04AM01;A10BB01
J04AM01;A10BB09
J04AM01;A10BB12
J04AM01;B01AA04
J04AM01;N03AB02
J04AM01;A10BB03
J04AM01;V04CA01
J04AM04;B01AA03
J04AM04;B01AA07
J04AM04;A10BB01
J04AM04;A10BB09
J04AM04;A10BB12
J04AM04;B01AA04
J04AM04;N03AB02
J04AM04;A10BB03
J04AM04;V04CA01
J01RA10;B01AA03
J01RA10;B01AA07
J01RA10;A10BB01
J01RA10;A10BB09
J01RA10;A10BB12
J01RA10;B01AA04
J01RA10;N03AB02
J01RA10;A10BB03
J01RA10;V04CA01
A02BD03;B01AA03
A02BD03;B01AA07
A02BD03;A10BB01
A02BD03;A10BB09
A02BD03;A10BB12
A02BD03;B01AA04
A02BD03;N03AB02
A02BD03;A10BB03
A02BD03;V04CA01
A02BD02;B01AA03
A02BD02;B01AA07
A02BD02;A10BB01
A02BD02;A10BB09
A02BD02;A10BB12
A02BD02;B01AA04
A02BD02;N03AB02
A02BD02;A10BB03
A02BD02;V04CA01
A01AB17;B01AA03
A01AB17;B01AA07
A01AB17;A10BB01
A01AB17;A10BB09
A01AB17;A10BB12
A01AB17;B01AA04
A01AB17;N03AB02
A01AB17;A10BB03
A01AB17;V04CA01
D06BX01;B01AA03
D06BX01;B01AA07
D06BX01;A10BB01
D06BX01;A10BB09
D06BX01;A10BB12
D06BX01;B01AA04
D06BX01;N03AB02
D06BX01;A10BB03
D06BX01;V04CA01
G01AF01;B01AA03
G01AF01;B01AA07
G01AF01;A10BB01
G01AF01;A10BB09
G01AF01;A10BB12
G01AF01;B01AA04
G01AF01;N03AB02
G01AF01;A10BB03
G01AF01;V04CA01
J01XD01;B01AA03
J01XD01;B01AA07
J01XD01;A10BB01
J01XD01;A10BB09
J01XD01;A10BB12
J01XD01;B01AA04
J01XD01;N03AB02
J01XD01;A10BB03
J01XD01;V04CA01
P01AB01;B01AA03
P01AB01;B01AA07
P01AB01;A10BB01
P01AB01;A10BB09
P01AB01;A10BB12
P01AB01;B01AA04
P01AB01;N03AB02
P01AB01;A10BB03
P01AB01;V04CA01
P01AB01;B01AA03
P01AB01;B01AA07
P01AB01;A10BB01
P01AB01;A10BB09
P01AB01;A10BB12
P01AB01;B01AA04
P01AB01;N03AB02
P01AB01;A10BB03
P01AB01;V04CA01
P01AB51;B01AA03
P01AB51;B01AA07
P01AB51;A10BB01
P01AB51;A10BB09
P01AB51;A10BB12
P01AB51;B01AA04
P01AB51;N03AB02
P01AB51;A10BB03
P01AB51;V04CA01
A02BD01;B01AA03
A02BD01;B01AA07
A02BD01;A10BB01
A02BD01;A10BB09
A02BD01;A10BB12
A02BD01;B01AA04
A02BD01;N03AB02
A02BD01;A10BB03
A02BD01;V04CA01
A02BD11;B01AA03
A02BD11;B01AA07
A02BD11;A10BB01
A02BD11;A10BB09
A02BD11;A10BB12
A02BD11;B01AA04
A02BD11;N03AB02
A02BD11;A10BB03
A02BD11;V04CA01
J01RA04;B01AA03
J01RA04;B01AA07
J01RA04;A10BB01
J01RA04;A10BB09
J01RA04;A10BB12
J01RA04;B01AA04
J01RA04;N03AB02
J01RA04;A10BB03
J01RA04;V04CA01
N03AF01;B01AA03
N03AF01;B01AA07
N03AF01;A10BB01
N03AF01;A10BB09
N03AF01;A10BB12
N03AF01;B01AA04
N03AF01;N03AB02
N03AF01;A10BB03
N03AF01;V04CA01
L02BB04;B01AA03
L02BB04;B01AA07
L02BB04;A10BB01
L02BB04;A10BB09
L02BB04;A10BB12
L02BB04;B01AA04
L02BB04;N03AB02
L02BB04;A10BB03
L02BB04;V04CA01
J05AG01;B01AA03
J05AG01;B01AA07
J05AG01;A10BB01
J05AG01;A10BB09
J05AG01;A10BB12
J05AG01;B01AA04
J05AG01;N03AB02
J05AG01;A10BB03
J05AG01;V04CA01
N03AA02;B01AA03
N03AA02;B01AA07
N03AA02;A10BB01
N03AA02;A10BB09
N03AA02;A10BB12
N03AA02;B01AA04
N03AA02;N03AB02
N03AA02;A10BB03
N03AA02;V04CA01
J04AB02;B01AA03
J04AB02;B01AA07
J04AB02;A10BB01
J04AB02;A10BB09
J04AB02;A10BB12
J04AB02;B01AA04
J04AB02;N03AB02
J04AB02;A10BB03
J04AB02;V04CA01
L02BG01;B01AA03
L02BG01;B01AA07
L02BG01;A10BB01
L02BG01;A10BB09
L02BG01;A10BB12
L02BG01;B01AA04
L02BG01;N03AB02
L02BG01;A10BB03
L02BG01;V04CA01
A04AD12;B01AA03
A04AD12;B01AA07
A04AD12;A10BB01
A04AD12;A10BB09
A04AD12;A10BB12
A04AD12;B01AA04
A04AD12;N03AB02
A04AD12;A10BB03
A04AD12;V04CA01
N01AF01;B01AA03
N01AF01;B01AA07
N01AF01;A10BB01
N01AF01;A10BB09
N01AF01;A10BB12
N01AF01;B01AA04
N01AF01;N03AB02
N01AF01;A10BB03
N01AF01;V04CA01
C02KX01;B01AA03
C02KX01;B01AA07
C02KX01;A10BB01
C02KX01;A10BB09
C02KX01;A10BB12
C02KX01;B01AA04
C02KX01;N03AB02
C02KX01;A10BB03
C02KX01;V04CA01
D01BA01;B01AA03
D01BA01;B01AA07
D01BA01;A10BB01
D01BA01;A10BB09
D01BA01;A10BB12
D01BA01;B01AA04
D01BA01;N03AB02
D01BA01;A10BB03
D01BA01;V04CA01
J01CF06;B01AA03
J01CF06;B01AA07
J01CF06;A10BB01
J01CF06;A10BB09
J01CF06;A10BB12
J01CF06;B01AA04
J01CF06;N03AB02
J01CF06;A10BB03
J01CF06;V04CA01
J05AE04;B01AA03
J05AE04;B01AA07
J05AE04;A10BB01
J05AE04;A10BB09
J05AE04;A10BB12
J05AE04;B01AA04
J05AE04;N03AB02
J05AE04;A10BB03
J05AE04;V04CA01
N03AB02;B01AA03
N03AB02;B01AA07
N03AB02;A10BB01
N03AB02;A10BB09
N03AB02;A10BB12
N03AB02;B01AA04
N03AB02;N03AB02
N03AB02;A10BB03
N03AB02;V04CA01
N03AA03;B01AA03
N03AA03;B01AA07
N03AA03;A10BB01
N03AA03;A10BB09
N03AA03;A10BB12
N03AA03;B01AA04
N03AA03;N03AB02
N03AA03;A10BB03
N03AA03;V04CA01
J04AB05;B01AA03
J04AB05;B01AA07
J04AB05;A10BB01
J04AB05;A10BB09
J04AB05;A10BB12
J04AB05;B01AA04
J04AB05;N03AB02
J04AB05;A10BB03
J04AB05;V04CA01
J05AE03;B01AA03
J05AE03;B01AA07
J05AE03;A10BB01
J05AE03;A10BB09
J05AE03;A10BB12
J05AE03;B01AA04
J05AE03;N03AB02
J05AE03;A10BB03
J05AE03;V04CA01
J05AR07;B01AA03
J05AR07;B01AA07
J05AR07;A10BB01
J05AR07;A10BB09
J05AR07;A10BB12
J05AR07;B01AA04
J05AR07;N03AB02
J05AR07;A10BB03
J05AR07;V04CA01
J05AR05;B01AA03
J05AR05;B01AA07
J05AR05;A10BB01
J05AR05;A10BB09
J05AR05;A10BB12
J05AR05;B01AA04
J05AR05;N03AB02
J05AR05;A10BB03
J05AR05;V04CA01
J04AM02;B01AA03
J04AM02;B01AA07
J04AM02;A10BB01
J04AM02;A10BB09
J04AM02;A10BB12
J04AM02;B01AA04
J04AM02;N03AB02
J04AM02;A10BB03
J04AM02;V04CA01
J04AM05;B01AA03
J04AM05;B01AA07
J04AM05;A10BB01
J04AM05;A10BB09
J04AM05;A10BB12
J04AM05;B01AA04
J04AM05;N03AB02
J04AM05;A10BB03
J04AM05;V04CA01
J04AM06;B01AA03
J04AM06;B01AA07
J04AM06;A10BB01
J04AM06;A10BB09
J04AM06;A10BB12
J04AM06;B01AA04
J04AM06;N03AB02
J04AM06;A10BB03
J04AM06;V04CA01
N01AF02;B01AA03
N01AF02;B01AA07
N01AF02;A10BB01
N01AF02;A10BB09
N01AF02;A10BB12
N01AF02;B01AA04
N01AF02;N03AB02
N01AF02;A10BB03
N01AF02;V04CA01
N01AF03;B01AA03
N01AF03;B01AA07
N01AF03;A10BB01
N01AF03;A10BB09
N01AF03;A10BB12
N01AF03;B01AA04
N01AF03;N03AB02
N01AF03;A10BB03
N01AF03;V04CA01
N05CA01;B01AA03
N05CA01;B01AA07
N05CA01;A10BB01
N05CA01;A10BB09
N05CA01;A10BB12
N05CA01;B01AA04
N05CA01;N03AB02
N05CA01;A10BB03
N05CA01;V04CA01
N05CA02;B01AA03
N05CA02;B01AA07
N05CA02;A10BB01
N05CA02;A10BB09
N05CA02;A10BB12
N05CA02;B01AA04
N05CA02;N03AB02
N05CA02;A10BB03
N05CA02;V04CA01
N05CA03;B01AA03
N05CA03;B01AA07
N05CA03;A10BB01
N05CA03;A10BB09
N05CA03;A10BB12
N05CA03;B01AA04
N05CA03;N03AB02
N05CA03;A10BB03
N05CA03;V04CA01
N05CA04;B01AA03
N05CA04;B01AA07
N05CA04;A10BB01
N05CA04;A10BB09
N05CA04;A10BB12
N05CA04;B01AA04
N05CA04;N03AB02
N05CA04;A10BB03
N05CA04;V04CA01
N05CA05;B01AA03
N05CA05;B01AA07
N05CA05;A10BB01
N05CA05;A10BB09
N05CA05;A10BB12
N05CA05;B01AA04
N05CA05;N03AB02
N05CA05;A10BB03
N05CA05;V04CA01
N05CA06;B01AA03
N05CA06;B01AA07
N05CA06;A10BB01
N05CA06;A10BB09
N05CA06;A10BB12
N05CA06;B01AA04
N05CA06;N03AB02
N05CA06;A10BB03
N05CA06;V04CA01
N05CA07;B01AA03
N05CA07;B01AA07
N05CA07;A10BB01
N05CA07;A10BB09
N05CA07;A10BB12
N05CA07;B01AA04
N05CA07;N03AB02
N05CA07;A10BB03
N05CA07;V04CA01
N05CA08;B01AA03
N05CA08;B01AA07
N05CA08;A10BB01
N05CA08;A10BB09
N05CA08;A10BB12
N05CA08;B01AA04
N05CA08;N03AB02
N05CA08;A10BB03
N05CA08;V04CA01
N05CA09;B01AA03
N05CA09;B01AA07
N05CA09;A10BB01
N05CA09;A10BB09
N05CA09;A10BB12
N05CA09;B01AA04
N05CA09;N03AB02
N05CA09;A10BB03
N05CA09;V04CA01
N05CA10;B01AA03
N05CA10;B01AA07
N05CA10;A10BB01
N05CA10;A10BB09
N05CA10;A10BB12
N05CA10;B01AA04
N05CA10;N03AB02
N05CA10;A10BB03
N05CA10;V04CA01
N05CA11;B01AA03
N05CA11;B01AA07
N05CA11;A10BB01
N05CA11;A10BB09
N05CA11;A10BB12
N05CA11;B01AA04
N05CA11;N03AB02
N05CA11;A10BB03
N05CA11;V04CA01
N05CA12;B01AA03
N05CA12;B01AA07
N05CA12;A10BB01
N05CA12;A10BB09
N05CA12;A10BB12
N05CA12;B01AA04
N05CA12;N03AB02
N05CA12;A10BB03
N05CA12;V04CA01
N05CA15;B01AA03
N05CA15;B01AA07
N05CA15;A10BB01
N05CA15;A10BB09
N05CA15;A10BB12
N05CA15;B01AA04
N05CA15;N03AB02
N05CA15;A10BB03
N05CA15;V04CA01
N05CA16;B01AA03
N05CA16;B01AA07
N05CA16;A10BB01
N05CA16;A10BB09
N05CA16;A10BB12
N05CA16;B01AA04
N05CA16;N03AB02
N05CA16;A10BB03
N05CA16;V04CA01
N05CA19;B01AA03
N05CA19;B01AA07
N05CA19;A10BB01
N05CA19;A10BB09
N05CA19;A10BB12
N05CA19;B01AA04
N05CA19;N03AB02
N05CA19;A10BB03
N05CA19;V04CA01
N05CA20;B01AA03
N05CA20;B01AA07
N05CA20;A10BB01
N05CA20;A10BB09
N05CA20;A10BB12
N05CA20;B01AA04
N05CA20;N03AB02
N05CA20;A10BB03
N05CA20;V04CA01
N05CA21;B01AA03
N05CA21;B01AA07
N05CA21;A10BB01
N05CA21;A10BB09
N05CA21;A10BB12
N05CA21;B01AA04
N05CA21;N03AB02
N05CA21;A10BB03
N05CA21;V04CA01
N05CA22;B01AA03
N05CA22;B01AA07
N05CA22;A10BB01
N05CA22;A10BB09
N05CA22;A10BB12
N05CA22;B01AA04
N05CA22;N03AB02
N05CA22;A10BB03
N05CA22;V04CA01
N01AG01;B01AA03
N01AG01;B01AA07
N01AG01;A10BB01
N01AG01;A10BB09
N01AG01;A10BB12
N01AG01;B01AA04
N01AG01;N03AB02
N01AG01;A10BB03
N01AG01;V04CA01
N03AA01;B01AA03
N03AA01;B01AA07
N03AA01;A10BB01
N03AA01;A10BB09
N03AA01;A10BB12
N03AA01;B01AA04
N03AA01;N03AB02
N03AA01;A10BB03
N03AA01;V04CA01
N03AA02;B01AA03
N03AA02;B01AA07
N03AA02;A10BB01
N03AA02;A10BB09
N03AA02;A10BB12
N03AA02;B01AA04
N03AA02;N03AB02
N03AA02;A10BB03
N03AA02;V04CA01
N03AA03;B01AA03
N03AA03;B01AA07
N03AA03;A10BB01
N03AA03;A10BB09
N03AA03;A10BB12
N03AA03;B01AA04
N03AA03;N03AB02
N03AA03;A10BB03
N03AA03;V04CA01
N03AA04;B01AA03
N03AA04;B01AA07
N03AA04;A10BB01
N03AA04;A10BB09
N03AA04;A10BB12
N03AA04;B01AA04
N03AA04;N03AB02
N03AA04;A10BB03
N03AA04;V04CA01
N03AA30;B01AA03
N03AA30;B01AA07
N03AA30;A10BB01
N03AA30;A10BB09
N03AA30;A10BB12
N03AA30;B01AA04
N03AA30;N03AB02
N03AA30;A10BB03
N03AA30;V04CA01
N05CB01;B01AA03
N05CB01;B01AA07
N05CB01;A10BB01
N05CB01;A10BB09
N05CB01;A10BB12
N05CB01;B01AA04
N05CB01;N03AB02
N05CB01;A10BB03
N05CB01;V04CA01
N05CB02;B01AA03
N05CB02;B01AA07
N05CB02;A10BB01
N05CB02;A10BB09
N05CB02;A10BB12
N05CB02;B01AA04
N05CB02;N03AB02
N05CB02;A10BB03
N05CB02;V04CA01
J05AX67;B01AA03
J05AX67;B01AA07
J05AX67;A10BB01
J05AX67;A10BB09
J05AX67;A10BB12
J05AX67;B01AA04
J05AX67;N03AB02
J05AX67;A10BB03
J05AX67;V04CA01
J05AR10;B01AA03
J05AR10;B01AA07
J05AR10;A10BB01
J05AR10;A10BB09
J05AR10;A10BB12
J05AR10;B01AA04
J05AR10;N03AB02
J05AR10;A10BB03
J05AR10;V04CA01
J05AX66;B01AA03
J05AX66;B01AA07
J05AX66;A10BB01
J05AX66;A10BB09
J05AX66;A10BB12
J05AX66;B01AA04
J05AX66;N03AB02
J05AX66;A10BB03
J05AX66;V04CA01
