N06AB03;N06AF04
N06AB03;N06CA03
N06AB03;N06AF03
N06AB03;N06AF01
N06AB03;L01XB01
N06AB03;N04BD01
N06AB05;N06AF04
N06AB05;N06CA03
N06AB05;N06AF03
N06AB05;N06AF01
N06AB05;L01XB01
N06AB05;N04BD01
N06AB04;N06AF04
N06AB04;N06CA03
N06AB04;N06AF03
N06AB04;N06AF01
N06AB04;L01XB01
N06AB04;N04BD01
N06AB10;N06AF04
N06AB10;N06CA03
N06AB10;N06AF03
N06AB10;N06AF01
N06AB10;L01XB01
N06AB10;N04BD01
N06AB06;N06AF04
N06AB06;N06CA03
N06AB06;N06AF03
N06AB06;N06AF01
N06AB06;L01XB01
N06AB06;N04BD01
N06AB08;N06AF04
N06AB08;N06CA03
N06AB08;N06AF03
N06AB08;N06AF01
N06AB08;L01XB01
N06AB08;N04BD01
N06AX21;N06AF04
N06AX21;N06CA03
G04BX18;N06AF04
G04BX18;N06CA03
N06AX21;N06AF03
G04BX18;N06AF03
N06AX21;N06AF01
G04BX18;N06AF01
N06AX21;L01XB01
G04BX18;L01XB01
N06AX21;N04BD01
G04BX18;N04BD01
N06AX06;N06AF04
N06AX06;N06CA03
N06AX06;N06AF03
N06AX06;N06AF01
N06AX06;L01XB01
N06AX06;N04BD01
N06AX17;N06AF04
N06AX17;N06CA03
N06AX17;N06AF03
N06AX17;N06AF01
N06AX17;L01XB01
N06AX17;N04BD01
N06AX16;N06AF04
N06AX16;N06CA03
N06AX16;N06AF03
N06AX16;N06AF01
N06AX16;L01XB01
N06AX16;N04BD01
L01XX19;N06AF04
L01XX19;N06CA03
L01XX19;N06AF03
L01XX19;N06AF01
L01XX19;L01XB01
L01XX19;N04BD01
