J05AE02;L04AD02
J05AE04;L04AD02
J05AE03;L04AD02
J01FA09;L04AD02
J02AC02;L04AD02
G01AF11;L04AD02
N06AX06;L04AD02
J05AE01;L04AD02
N02AE01;L04AD02
J01FA15;L04AD02
A04AD12;L04AD02
J01FA01;L04AD02
J02AC01;L04AD02
C08DA01;L04AD02
C05AE03;L04AD02
A02BA01;L04AD02
C01BD01;L04AD02
G01AA05;L04AD02
J05AE12;L04AD02
J01MA02;L04AD02
J05AG02;L04AD02
N06AB08;L04AD02
G03AA10;L04AD02
L01XE01;L04AD02
C08CX01;L04AD02
G03XB01;L04AD02
J01MA06;L04AD02
L01XE28;L04AD02
B01AC23;L04AD02
V03AX03;L04AD02
C03XA02;L04AD02
L01XE16;L04AD02
L04AD01;L04AD02
J01FG02;L04AD02
G03XA01;L04AD02
J05AE10;L04AD02
L01XE06;L04AD02
C01BD07;L04AD02
G03AA01;L04AD02
R07AX02;L04AD02
L01XE07;L04AD02
A10BH05;L04AD02
C10AX12;L04AD02
J02AB01;L04AD02
C08CA04;L04AD02
L01XE08;L04AD02
L01XE11;L04AD02
J02AC04;L04AD02
N02AC04;L04AD02
J01FG02;L04AD02
C01EB18;L04AD02
L02BA01;L04AD02
J05AE11;L04AD02
B01AC24;L04AD02
J01FA08;L04AD02
R03DC01;L04AD02
N06AB03;L04AD02
J05AE07;L04AD02
L01XX47;L04AD02
J05AE05;L04AD02
J05AE08;L04AD02
L04AC02;L04AD02
J04AC01;L04AD02
J05AE11;L04AD02
J02AC03;L04AD02
J05AX67;L04AD02
A02BD06;L04AD02
J02AB02;L04AD02
N07BC01;L04AD02
J01RA07;L04AD02
C08DA51;L04AD02
C08DB01;L04AD02
A02BA51;L04AD02
J01BA01;L04AD02
J01RA10;L04AD02
G03AB06;L04AD02
G03XB51;L04AD02
J01RA13;L04AD02
J05AR15;L04AD02
G03AA02;L04AD02
A10BD19;L04AD02
N06CA03;L04AD02
J05AR15;L04AD02
J04AC51;L04AD02
J05AR10;L04AD02
A02BD07;L04AD02
N07BC51;L04AD02
C09BB10;L04AD02
J01RA12;L04AD02
J05AR14;L04AD02
G03AA03;L04AD02
A10BD11;L04AD02
M01AB51;L04AD02
J05AX66;L04AD02
A02BD09;L04AD02
J01RA11;L04AD02
J05AR18;L04AD02
G03AA04;L04AD02
J04AM02;L04AD02
A02BD05;L04AD02
J05AR09;L04AD02
G03AA05;L04AD02
J04AM05;L04AD02
A02BD04;L04AD02
G03AA06;L04AD02
J04AM06;L04AD02
A02BD11;L04AD02
G03AA07;L04AD02
J04AM01;L04AD02
G03AA08;L04AD02
J04AM04;L04AD02
G03AA09;L04AD02
G03AA10;L04AD02
G03AA11;L04AD02
G03AA12;L04AD02
G03AA13;L04AD02
G03AA14;L04AD02
G03AA15;L04AD02
G03AA16;L04AD02
G03AB01;L04AD02
G03AB02;L04AD02
G03AB03;L04AD02
G03AB04;L04AD02
G03AB05;L04AD02
G03AB06;L04AD02
G03AB07;L04AD02
G03AB08;L04AD02
J05AG03;L04AD02
J05AG01;L04AD02
N01AF01;L04AD02
N03AF01;L04AD02
L02BB04;L04AD02
H02AB01;L04AD02
N06BA07;L04AD02
N03AF02;L04AD02
N03AA02;L04AD02
N03AB02;L04AD02
A10BG03;L04AD02
J04AB04;L04AD02
J04AB02;L04AD02
A10BG01;L04AD02
L02BG01;L04AD02
N06BA13;L04AD02
P01BE02;L04AD02
L01XX25;L04AD02
C02KX01;L04AD02
N05BA09;L04AD02
L01XE23;L04AD02
J05AG04;L04AD02
D01AA08;L04AD02
L01XX23;L04AD02
J01CF06;L04AD02
N03AA03;L04AD02
J04AB05;L04AD02
N03AX11;L04AD02
L01XE15;L04AD02
L01CA01;L04AD02
J05AR06;L04AD02
J05AR07;L04AD02
N01AF02;L04AD02
H02AB02;L04AD02
N03AB52;L04AD02
A10BD06;L04AD02
J04AM02;L04AD02
P01BF01;L04AD02
J05AR05;L04AD02
N01AF03;L04AD02
N05CA01;L04AD02
N05CA02;L04AD02
N05CA03;L04AD02
N05CA04;L04AD02
N05CA05;L04AD02
N05CA06;L04AD02
N05CA07;L04AD02
N05CA08;L04AD02
N05CA09;L04AD02
N05CA10;L04AD02
N05CA11;L04AD02
N05CA12;L04AD02
N05CA15;L04AD02
N05CA16;L04AD02
N05CA19;L04AD02
N05CA20;L04AD02
N05CA21;L04AD02
N05CA22;L04AD02
N01AG01;L04AD02
N03AA01;L04AD02
N03AA02;L04AD02
N03AA03;L04AD02
N03AA04;L04AD02
N03AA30;L04AD02
N05CB01;L04AD02
N05CB02;L04AD02
H02AB03 ;L04AD02
H02AB04;L04AD02
H02AB05;L04AD02
H02AB06;L04AD02
H02AB07;L04AD02
H02AB08;L04AD02
H02AB09;L04AD02
H02AB10;L04AD02
H02AB11;L04AD02
H02AB12;L04AD02
H02AB13;L04AD02
H02AB14;L04AD02
H02AB15;L04AD02
H02AB17;L04AD02
A10BD05;L04AD02
A10BD09;L04AD02
A10BD12;L04AD02
J04AM05;L04AD02
J04AM06;L04AD02
