J05AE02;N02CA02
J05AE02;N02CA52
J05AE02;N02CA72
J05AE02;G02AB01
J05AE02;G02AC01
J05AE01;N02CA02
J05AE01;N02CA52
J05AE01;N02CA72
J05AE01;G02AB01
J05AE01;G02AC01
J05AE09;N02CA02
J05AE09;N02CA52
J05AE09;N02CA72
J05AE09;G02AB01
J05AE09;G02AC01
J05AE03;N02CA02
J05AE03;N02CA52
J05AE03;N02CA72
J05AE03;G02AB01
J05AE03;G02AC01
J05AE04;N02CA02
J05AE04;N02CA52
J05AE04;N02CA72
J05AE04;G02AB01
J05AE04;G02AC01
J05AE08;N02CA02
J05AE08;N02CA52
J05AE08;N02CA72
J05AE08;G02AB01
J05AE08;G02AC01
J05AE05;N02CA02
J05AE05;N02CA52
J05AE05;N02CA72
J05AE05;G02AB01
J05AE05;G02AC01
J05AE06;N02CA02
J05AE06;N02CA52
J05AE06;N02CA72
J05AE06;G02AB01
J05AE06;G02AC01
J01FA09;N02CA02
J01FA09;N02CA52
J01FA09;N02CA72
A02BD04;N02CA02
A02BD04;N02CA52
A02BD04;N02CA72
A02BD05;N02CA02
A02BD05;N02CA52
A02BD05;N02CA72
A02BD06;N02CA02
A02BD06;N02CA52
A02BD06;N02CA72
J01FA09;G02AB01
J01FA09;G02AC01
A02BD04;G02AB01
A02BD04;G02AC01
A02BD05;G02AB01
A02BD05;G02AC01
A02BD06;G02AB01
A02BD06;G02AC01
D10AF02;N02CA02
D10AF02;N02CA52
D10AF02;N02CA72
D10AF52;N02CA02
D10AF52;N02CA52
D10AF52;N02CA72
S01AA17;N02CA02
S01AA17;N02CA52
S01AA17;N02CA72
J01FA01;N02CA02
J01FA01;N02CA52
J01FA01;N02CA72
R05GB07;N02CA02
R05GB07;N02CA52
R05GB07;N02CA72
D10AF02;G02AB01
D10AF02;G02AC01
D10AF52;G02AB01
D10AF52;G02AC01
S01AA17;G02AB01
S01AA17;G02AC01
J01FA01;G02AB01
J01FA01;G02AC01
R05GB07;G02AB01
R05GB07;G02AC01
J01FA15;N02CA02
J01FA15;N02CA52
J01FA15;N02CA72
J01FA15;G02AB01
J01FA15;G02AC01
J02AB02;N02CA02
J02AB02;N02CA52
J02AB02;N02CA72
J02AB02;G02AB01
J02AB02;G02AC01
J02AC02;N02CA02
J02AC02;N02CA52
J02AC02;N02CA72
J02AC02;G02AB01
J02AC02;G02AC01
