N06BA04;N06AF04
N06BA04;N06CA03
N06BA04;N06AF03
N06BA04;N06AF01
N06BA04;L01XB01
N06BA04;N04BD01
N06BA04;N06AF04
N06BA04;N06CA03
N06BA04;N06AF03
N06BA04;N06AF01
N06BA04;L01XB01
N06BA04;N04BD01
R01BA02;N06AF04
R01BA02;N06CA03
R01BA52;N06AF04
R01BA52;N06CA03
R01BA02;N06AF03
R01BA52;N06AF03
R01BA02;N06AF01
R01BA52;N06AF01
R01BA02;L01XB01
R01BA52;L01XB01
R01BA02;N04BD01
R01BA52;N04BD01
N06BA01;N06AF04
N06BA01;N06CA03
N06BA01;N06AF03
N06BA01;N06AF01
N06BA01;L01XB01
N06BA01;N04BD01
A08AA03;N06AF04
A08AA03;N06CA03
A08AA53;N06AF04
A08AA53;N06CA03
A08AA03;N06AF03
A08AA53;N06AF03
A08AA03;N06AF01
A08AA53;N06AF01
A08AA03;L01XB01
A08AA53;L01XB01
A08AA03;N04BD01
A08AA53;N04BD01
A08AA01;N06AF04
A08AA01;N06CA03
A08AA01;N06AF03
A08AA01;N06AF01
A08AA01;L01XB01
A08AA01;N04BD01
N06BA09;N06AF04
N06BA09;N06CA03
N06BA09;N06AF03
N06BA09;N06AF01
N06BA09;L01XB01
N06BA09;N04BD01
J05AE08;A02BC01
J05AE08;A02BC03
J05AE08;A02BC02
J05AE08;A02BC04
J05AE08;A02BC05
M04AA03;L04AX01
M04AA03;L01BB02
N06AB03;N06AF04
N06AB03;N06CA03
N06AB03;N06AF03
N06AB03;N06AF01
N06AB03;L01XB01
N06AB03;N04BD01
N06AB05;N06AF04
N06AB05;N06CA03
N06AB05;N06AF03
N06AB05;N06AF01
N06AB05;L01XB01
N06AB05;N04BD01
N06AB04;N06AF04
N06AB04;N06CA03
N06AB04;N06AF03
N06AB04;N06AF01
N06AB04;L01XB01
N06AB04;N04BD01
N06AB10;N06AF04
N06AB10;N06CA03
N06AB10;N06AF03
N06AB10;N06AF01
N06AB10;L01XB01
N06AB10;N04BD01
N06AB06;N06AF04
N06AB06;N06CA03
N06AB06;N06AF03
N06AB06;N06AF01
N06AB06;L01XB01
N06AB06;N04BD01
N06AB08;N06AF04
N06AB08;N06CA03
N06AB08;N06AF03
N06AB08;N06AF01
N06AB08;L01XB01
N06AB08;N04BD01
N06AX21;N06AF04
N06AX21;N06CA03
G04BX18;N06AF04
G04BX18;N06CA03
N06AX21;N06AF03
G04BX18;N06AF03
N06AX21;N06AF01
G04BX18;N06AF01
N06AX21;L01XB01
G04BX18;L01XB01
N06AX21;N04BD01
G04BX18;N04BD01
N06AX06;N06AF04
N06AX06;N06CA03
N06AX06;N06AF03
N06AX06;N06AF01
N06AX06;L01XB01
N06AX06;N04BD01
N06AX17;N06AF04
N06AX17;N06CA03
N06AX17;N06AF03
N06AX17;N06AF01
N06AX17;L01XB01
N06AX17;N04BD01
N06AX16;N06AF04
N06AX16;N06CA03
N06AX16;N06AF03
N06AX16;N06AF01
N06AX16;L01XB01
N06AX16;N04BD01
L01XX19;N06AF04
L01XX19;N06CA03
L01XX19;N06AF03
L01XX19;N06AF01
L01XX19;L01XB01
L01XX19;N04BD01
L01XX19;J05AE03
L01XX19;J05AE04
L01XX19;J05AE08
L01XX19;J05AE02
L01XX19;J05AE01
L01XX19;J05AE05
L01XX19;J05AE06
L01XX19;J05AE09
L01XX19;J05AE07
L01XX19;J01FA09
L01XX19;A02BD04
L01XX19;A02BD05
L01XX19;A02BD06
L01XX19;D10AF02
L01XX19;D10AF52
L01XX19;S01AA17
L01XX19;J01FA01
L01XX19;R05GB07
L01XX19;J01FA15
L01XX19;C01BD01
L01XX19;C08DA01
L01XX19;C08DA81
L01XX19;C08DA51
L01XX19;C08GA02
L01XX19;C08DB01
L01XX19;J02AB02
L01XX19;J02AC02
L01XX19;J02AC01
L01XX19;J02AC03
L01XX19;N06AX06
L01XX19;A04AD12
L01XX19;A02BA01
L01XX19;A02BA51
N02AB02;N06AF04
N02AB02;N06CA03
N02AB52;N06AF04
N02AB52;N06CA03
N02AB72;N06AF04
N02AB72;N06CA03
N02AB02;N06AF03
N02AB52;N06AF03
N02AB72;N06AF03
N02AB02;N06AF01
N02AB52;N06AF01
N02AB72;N06AF01
N02AB02;N04BD01
N02AB52;N04BD01
N02AB72;N04BD01
N02AB02;L01XB01
N02AB52;L01XB01
N02AB72;L01XB01
N07BC02;N06AF04
N07BC02;N06CA03
N02AC52;N06AF04
N02AC52;N06CA03
V04CN05;N06AF04
V04CN05;N06CA03
V70AA01;N06AF04
V70AA01;N06CA03
N07BC02;N06AF03
N02AC52;N06AF03
V04CN05;N06AF03
V70AA01;N06AF03
N07BC02;N06AF01
N02AC52;N06AF01
V04CN05;N06AF01
V70AA01;N06AF01
N07BC02;N04BD01
N02AC52;N04BD01
V04CN05;N04BD01
V70AA01;N04BD01
N07BC02;L01XB01
N02AC52;L01XB01
V04CN05;L01XB01
V70AA01;L01XB01
N01AH01;N06AF04
N01AH01;N06CA03
N01AH51;N06AF04
N01AH51;N06CA03
N01AH01;N06AF03
N01AH51;N06AF03
N01AH01;N06AF01
N01AH51;N06AF01
N01AH01;N04BD01
N01AH51;N04BD01
N01AH01;L01XB01
N01AH51;L01XB01
N02AX02;N06AF04
N02AX02;N06CA03
N02AX52;N06AF04
N02AX52;N06CA03
N02AX02;N06AF03
N02AX52;N06AF03
N02AX02;N06AF01
N02AX52;N06AF01
N02AX02;N04BD01
N02AX52;N04BD01
N02AX02;L01XB01
N02AX52;L01XB01
R05DA09;N06AF04
R05DA09;N06CA03
R05DA59;N06AF04
R05DA59;N06CA03
R05DA09;N06AF03
R05DA59;N06AF03
R05DA09;N06AF01
R05DA59;N06AF01
R05DA09;N04BD01
R05DA59;N04BD01
R05DA09;L01XB01
R05DA59;L01XB01
N06AA01;N06AF04
N06AA01;N06CA03
N06AA01;N06AF03
N06AA01;N06AF01
N06AA01;N04BD01
N06AA01;L01XB01
N06AA02;N06AF04
N06AA02;N06CA03
N06AA02;N06AF03
N06AA02;N06AF01
N06AA02;N04BD01
N06AA02;L01XB01
N06AA03;N06AF04
N06AA03;N06CA03
N06AA03;N06AF03
N06AA03;N06AF01
N06AA03;N04BD01
N06AA03;L01XB01
N06AA04;N06AF04
N06AA04;N06CA03
N06AA04;N06AF03
N06AA04;N06AF01
N06AA04;N04BD01
N06AA04;L01XB01
N06AA05;N06AF04
N06AA05;N06CA03
N06AA05;N06AF03
N06AA05;N06AF01
N06AA05;N04BD01
N06AA05;L01XB01
N06AA06;N06AF04
N06AA06;N06CA03
N06AA06;N06AF03
N06AA06;N06AF01
N06AA06;N04BD01
N06AA06;L01XB01
N06AA07;N06AF04
N06AA07;N06CA03
N06AA07;N06AF03
N06AA07;N06AF01
N06AA07;N04BD01
N06AA07;L01XB01
N06AA08;N06AF04
N06AA08;N06CA03
N06AA08;N06AF03
N06AA08;N06AF01
N06AA08;N04BD01
N06AA08;L01XB01
N06AA09;N06AF04
N06AA09;N06CA03
N06AA09;N06AF03
N06AA09;N06AF01
N06AA09;N04BD01
N06AA09;L01XB01
N06AA10;N06AF04
N06AA10;N06CA03
N06AA10;N06AF03
N06AA10;N06AF01
N06AA10;N04BD01
N06AA10;L01XB01
N06AA11;N06AF04
N06AA11;N06CA03
N06AA11;N06AF03
N06AA11;N06AF01
N06AA11;N04BD01
N06AA11;L01XB01
N06AA12;N06AF04
N06AA12;N06CA03
N06AA12;N06AF03
N06AA12;N06AF01
N06AA12;N04BD01
N06AA12;L01XB01
N06AA13;N06AF04
N06AA13;N06CA03
N06AA13;N06AF03
N06AA13;N06AF01
N06AA13;N04BD01
N06AA13;L01XB01
N06AA14;N06AF04
N06AA14;N06CA03
N06AA14;N06AF03
N06AA14;N06AF01
N06AA14;N04BD01
N06AA14;L01XB01
N06AA15;N06AF04
N06AA15;N06CA03
N06AA15;N06AF03
N06AA15;N06AF01
N06AA15;N04BD01
N06AA15;L01XB01
N06AA16;N06AF04
N06AA16;N06CA03
N06AA16;N06AF03
N06AA16;N06AF01
N06AA16;N04BD01
N06AA16;L01XB01
N06AA17;N06AF04
N06AA17;N06CA03
N06AA17;N06AF03
N06AA17;N06AF01
N06AA17;N04BD01
N06AA17;L01XB01
N06AA18;N06AF04
N06AA18;N06CA03
N06AA18;N06AF03
N06AA18;N06AF01
N06AA18;N04BD01
N06AA18;L01XB01
N06AA19;N06AF04
N06AA19;N06CA03
N06AA19;N06AF03
N06AA19;N06AF01
N06AA19;N04BD01
N06AA19;L01XB01
N06AA20;N06AF04
N06AA20;N06CA03
N06AA20;N06AF03
N06AA20;N06AF01
N06AA20;N04BD01
N06AA20;L01XB01
N06AA21;N06AF04
N06AA21;N06CA03
N06AA21;N06AF03
N06AA21;N06AF01
N06AA21;N04BD01
N06AA21;L01XB01
N06AA23;N06AF04
N06AA23;N06CA03
N06AA23;N06AF03
N06AA23;N06AF01
N06AA23;N04BD01
N06AA23;L01XB01
N06AA25;N06AF04
N06AA25;N06CA03
N06AA25;N06AF03
N06AA25;N06AF01
N06AA25;N04BD01
N06AA25;L01XB01
C01BD01;C01BD01
C01BD01;L01XX35
C01BD01;L01XX27
C01BD01;R06AX11
C01BD01;J01FA10
C01BD01;C08EA02
C01BD01;P01BA01
C01BD01;N05AA01
C01BD01;J01MA02
C01BD01;A03FA02
C01BD01;N06AB04
C01BD01;J01FA09
C01BD01;A02BD04
C01BD01;A02BD05
C01BD01;A02BD06
C01BD01;N01BC01
C01BD01;C01BA03
C01BD01;C01BD04
C01BD01;A03FA03
C01BD01;N06DA02
C01BD01;N01AX01
C01BD01;D10AF02
C01BD01;D10AF52
C01BD01;S01AA17
C01BD01;J01FA01
C01BD01;R05GB07
C01BD01;N06AB10
C01BD01;C01BC04
C01BD01;J02AC01
C01BD01;J01MA16
C01BD01;J01MA11
C01BD01;P01BX01
C01BD01;N05AD01
C01BD01;C01BD05
C01BD01;S01AX19
C01BD01;J01MA12
C01BD01;N05AA02
C01BD01;N07BC07
C01BD01;N05AC03
C01BD01;N07BC02
C01BD01;N02AC52
C01BD01;V04CN05
C01BD01;V70AA01
C01BD01;J01MA14
C01BD01;A04AA01
C01BD01;L01XA03
C01BD01;A03AD01
C01BD01;C04AX38
C01BD01;G04BE02
C01BD01;G04BE52
C01BD01;C04BA02
C01BD01;P01CX01
C01BD01;N05AG02
C01BD01;C10AX02
C01BD01;C01BA02
C01BD01;N01AX10
C01BD01;C01BA01
C01BD01;C01BA51
C01BD01;C01BA71
C01BD01;C08DA81
C01BD01;N01AB08
C01BD01;C07AA07
C01BD01;C07AA57
C01BD01;C07BA07
C01BD01;J01MA09
C01BD01;N05AL01
C01BD01;R06AX12
C01BD01;N05AC02
L01XX35;C01BD01
L01XX35;L01XX35
L01XX35;L01XX27
L01XX35;R06AX11
L01XX35;J01FA10
L01XX35;C08EA02
L01XX35;P01BA01
L01XX35;N05AA01
L01XX35;J01MA02
L01XX35;A03FA02
L01XX35;N06AB04
L01XX35;J01FA09
L01XX35;A02BD04
L01XX35;A02BD05
L01XX35;A02BD06
L01XX35;N01BC01
L01XX35;C01BA03
L01XX35;C01BD04
L01XX35;A03FA03
L01XX35;N06DA02
L01XX35;N01AX01
L01XX35;D10AF02
L01XX35;D10AF52
L01XX35;S01AA17
L01XX35;J01FA01
L01XX35;R05GB07
L01XX35;N06AB10
L01XX35;C01BC04
L01XX35;J02AC01
L01XX35;J01MA16
L01XX35;J01MA11
L01XX35;P01BX01
L01XX35;N05AD01
L01XX35;C01BD05
L01XX35;S01AX19
L01XX35;J01MA12
L01XX35;N05AA02
L01XX35;N07BC07
L01XX35;N05AC03
L01XX35;N07BC02
L01XX35;N02AC52
L01XX35;V04CN05
L01XX35;V70AA01
L01XX35;J01MA14
L01XX35;A04AA01
L01XX35;L01XA03
L01XX35;A03AD01
L01XX35;C04AX38
L01XX35;G04BE02
L01XX35;G04BE52
L01XX35;C04BA02
L01XX35;P01CX01
L01XX35;N05AG02
L01XX35;C10AX02
L01XX35;C01BA02
L01XX35;N01AX10
L01XX35;C01BA01
L01XX35;C01BA51
L01XX35;C01BA71
L01XX35;C08DA81
L01XX35;N01AB08
L01XX35;C07AA07
L01XX35;C07AA57
L01XX35;C07BA07
L01XX35;J01MA09
L01XX35;N05AL01
L01XX35;R06AX12
L01XX35;N05AC02
L01XX27;C01BD01
L01XX27;L01XX35
L01XX27;L01XX27
L01XX27;R06AX11
L01XX27;J01FA10
L01XX27;C08EA02
L01XX27;P01BA01
L01XX27;N05AA01
L01XX27;J01MA02
L01XX27;A03FA02
L01XX27;N06AB04
L01XX27;J01FA09
L01XX27;A02BD04
L01XX27;A02BD05
L01XX27;A02BD06
L01XX27;N01BC01
L01XX27;C01BA03
L01XX27;C01BD04
L01XX27;A03FA03
L01XX27;N06DA02
L01XX27;N01AX01
L01XX27;D10AF02
L01XX27;D10AF52
L01XX27;S01AA17
L01XX27;J01FA01
L01XX27;R05GB07
L01XX27;N06AB10
L01XX27;C01BC04
L01XX27;J02AC01
L01XX27;J01MA16
L01XX27;J01MA11
L01XX27;P01BX01
L01XX27;N05AD01
L01XX27;C01BD05
L01XX27;S01AX19
L01XX27;J01MA12
L01XX27;N05AA02
L01XX27;N07BC07
L01XX27;N05AC03
L01XX27;N07BC02
L01XX27;N02AC52
L01XX27;V04CN05
L01XX27;V70AA01
L01XX27;J01MA14
L01XX27;A04AA01
L01XX27;L01XA03
L01XX27;A03AD01
L01XX27;C04AX38
L01XX27;G04BE02
L01XX27;G04BE52
L01XX27;C04BA02
L01XX27;P01CX01
L01XX27;N05AG02
L01XX27;C10AX02
L01XX27;C01BA02
L01XX27;N01AX10
L01XX27;C01BA01
L01XX27;C01BA51
L01XX27;C01BA71
L01XX27;C08DA81
L01XX27;N01AB08
L01XX27;C07AA07
L01XX27;C07AA57
L01XX27;C07BA07
L01XX27;J01MA09
L01XX27;N05AL01
L01XX27;R06AX12
L01XX27;N05AC02
R06AX11;C01BD01
R06AX11;L01XX35
R06AX11;L01XX27
R06AX11;R06AX11
R06AX11;J01FA10
R06AX11;C08EA02
R06AX11;P01BA01
R06AX11;N05AA01
R06AX11;J01MA02
R06AX11;A03FA02
R06AX11;N06AB04
R06AX11;J01FA09
R06AX11;A02BD04
R06AX11;A02BD05
R06AX11;A02BD06
R06AX11;N01BC01
R06AX11;C01BA03
R06AX11;C01BD04
R06AX11;A03FA03
R06AX11;N06DA02
R06AX11;N01AX01
R06AX11;D10AF02
R06AX11;D10AF52
R06AX11;S01AA17
R06AX11;J01FA01
R06AX11;R05GB07
R06AX11;N06AB10
R06AX11;C01BC04
R06AX11;J02AC01
R06AX11;J01MA16
R06AX11;J01MA11
R06AX11;P01BX01
R06AX11;N05AD01
R06AX11;C01BD05
R06AX11;S01AX19
R06AX11;J01MA12
R06AX11;N05AA02
R06AX11;N07BC07
R06AX11;N05AC03
R06AX11;N07BC02
R06AX11;N02AC52
R06AX11;V04CN05
R06AX11;V70AA01
R06AX11;J01MA14
R06AX11;A04AA01
R06AX11;L01XA03
R06AX11;A03AD01
R06AX11;C04AX38
R06AX11;G04BE02
R06AX11;G04BE52
R06AX11;C04BA02
R06AX11;P01CX01
R06AX11;N05AG02
R06AX11;C10AX02
R06AX11;C01BA02
R06AX11;N01AX10
R06AX11;C01BA01
R06AX11;C01BA51
R06AX11;C01BA71
R06AX11;C08DA81
R06AX11;N01AB08
R06AX11;C07AA07
R06AX11;C07AA57
R06AX11;C07BA07
R06AX11;J01MA09
R06AX11;N05AL01
R06AX11;R06AX12
R06AX11;N05AC02
J01FA10;C01BD01
J01FA10;L01XX35
J01FA10;L01XX27
J01FA10;R06AX11
J01FA10;J01FA10
J01FA10;C08EA02
J01FA10;P01BA01
J01FA10;N05AA01
J01FA10;J01MA02
J01FA10;A03FA02
J01FA10;N06AB04
J01FA10;J01FA09
J01FA10;A02BD04
J01FA10;A02BD05
J01FA10;A02BD06
J01FA10;N01BC01
J01FA10;C01BA03
J01FA10;C01BD04
J01FA10;A03FA03
J01FA10;N06DA02
J01FA10;N01AX01
J01FA10;D10AF02
J01FA10;D10AF52
J01FA10;S01AA17
J01FA10;J01FA01
J01FA10;R05GB07
J01FA10;N06AB10
J01FA10;C01BC04
J01FA10;J02AC01
J01FA10;J01MA16
J01FA10;J01MA11
J01FA10;P01BX01
J01FA10;N05AD01
J01FA10;C01BD05
J01FA10;S01AX19
J01FA10;J01MA12
J01FA10;N05AA02
J01FA10;N07BC07
J01FA10;N05AC03
J01FA10;N07BC02
J01FA10;N02AC52
J01FA10;V04CN05
J01FA10;V70AA01
J01FA10;J01MA14
J01FA10;A04AA01
J01FA10;L01XA03
J01FA10;A03AD01
J01FA10;C04AX38
J01FA10;G04BE02
J01FA10;G04BE52
J01FA10;C04BA02
J01FA10;P01CX01
J01FA10;N05AG02
J01FA10;C10AX02
J01FA10;C01BA02
J01FA10;N01AX10
J01FA10;C01BA01
J01FA10;C01BA51
J01FA10;C01BA71
J01FA10;C08DA81
J01FA10;N01AB08
J01FA10;C07AA07
J01FA10;C07AA57
J01FA10;C07BA07
J01FA10;J01MA09
J01FA10;N05AL01
J01FA10;R06AX12
J01FA10;N05AC02
C08EA02;C01BD01
C08EA02;L01XX35
C08EA02;L01XX27
C08EA02;R06AX11
C08EA02;J01FA10
C08EA02;C08EA02
C08EA02;P01BA01
C08EA02;N05AA01
C08EA02;J01MA02
C08EA02;A03FA02
C08EA02;N06AB04
C08EA02;J01FA09
C08EA02;A02BD04
C08EA02;A02BD05
C08EA02;A02BD06
C08EA02;N01BC01
C08EA02;C01BA03
C08EA02;C01BD04
C08EA02;A03FA03
C08EA02;N06DA02
C08EA02;N01AX01
C08EA02;D10AF02
C08EA02;D10AF52
C08EA02;S01AA17
C08EA02;J01FA01
C08EA02;R05GB07
C08EA02;N06AB10
C08EA02;C01BC04
C08EA02;J02AC01
C08EA02;J01MA16
C08EA02;J01MA11
C08EA02;P01BX01
C08EA02;N05AD01
C08EA02;C01BD05
C08EA02;S01AX19
C08EA02;J01MA12
C08EA02;N05AA02
C08EA02;N07BC07
C08EA02;N05AC03
C08EA02;N07BC02
C08EA02;N02AC52
C08EA02;V04CN05
C08EA02;V70AA01
C08EA02;J01MA14
C08EA02;A04AA01
C08EA02;L01XA03
C08EA02;A03AD01
C08EA02;C04AX38
C08EA02;G04BE02
C08EA02;G04BE52
C08EA02;C04BA02
C08EA02;P01CX01
C08EA02;N05AG02
C08EA02;C10AX02
C08EA02;C01BA02
C08EA02;N01AX10
C08EA02;C01BA01
C08EA02;C01BA51
C08EA02;C01BA71
C08EA02;C08DA81
C08EA02;N01AB08
C08EA02;C07AA07
C08EA02;C07AA57
C08EA02;C07BA07
C08EA02;J01MA09
C08EA02;N05AL01
C08EA02;R06AX12
C08EA02;N05AC02
P01BA01;C01BD01
P01BA01;L01XX35
P01BA01;L01XX27
P01BA01;R06AX11
P01BA01;J01FA10
P01BA01;C08EA02
P01BA01;P01BA01
P01BA01;N05AA01
P01BA01;J01MA02
P01BA01;A03FA02
P01BA01;N06AB04
P01BA01;J01FA09
P01BA01;A02BD04
P01BA01;A02BD05
P01BA01;A02BD06
P01BA01;N01BC01
P01BA01;C01BA03
P01BA01;C01BD04
P01BA01;A03FA03
P01BA01;N06DA02
P01BA01;N01AX01
P01BA01;D10AF02
P01BA01;D10AF52
P01BA01;S01AA17
P01BA01;J01FA01
P01BA01;R05GB07
P01BA01;N06AB10
P01BA01;C01BC04
P01BA01;J02AC01
P01BA01;J01MA16
P01BA01;J01MA11
P01BA01;P01BX01
P01BA01;N05AD01
P01BA01;C01BD05
P01BA01;S01AX19
P01BA01;J01MA12
P01BA01;N05AA02
P01BA01;N07BC07
P01BA01;N05AC03
P01BA01;N07BC02
P01BA01;N02AC52
P01BA01;V04CN05
P01BA01;V70AA01
P01BA01;J01MA14
P01BA01;A04AA01
P01BA01;L01XA03
P01BA01;A03AD01
P01BA01;C04AX38
P01BA01;G04BE02
P01BA01;G04BE52
P01BA01;C04BA02
P01BA01;P01CX01
P01BA01;N05AG02
P01BA01;C10AX02
P01BA01;C01BA02
P01BA01;N01AX10
P01BA01;C01BA01
P01BA01;C01BA51
P01BA01;C01BA71
P01BA01;C08DA81
P01BA01;N01AB08
P01BA01;C07AA07
P01BA01;C07AA57
P01BA01;C07BA07
P01BA01;J01MA09
P01BA01;N05AL01
P01BA01;R06AX12
P01BA01;N05AC02
N05AA01;C01BD01
N05AA01;L01XX35
N05AA01;L01XX27
N05AA01;R06AX11
N05AA01;J01FA10
N05AA01;C08EA02
N05AA01;P01BA01
N05AA01;N05AA01
N05AA01;J01MA02
N05AA01;A03FA02
N05AA01;N06AB04
N05AA01;J01FA09
N05AA01;A02BD04
N05AA01;A02BD05
N05AA01;A02BD06
N05AA01;N01BC01
N05AA01;C01BA03
N05AA01;C01BD04
N05AA01;A03FA03
N05AA01;N06DA02
N05AA01;N01AX01
N05AA01;D10AF02
N05AA01;D10AF52
N05AA01;S01AA17
N05AA01;J01FA01
N05AA01;R05GB07
N05AA01;N06AB10
N05AA01;C01BC04
N05AA01;J02AC01
N05AA01;J01MA16
N05AA01;J01MA11
N05AA01;P01BX01
N05AA01;N05AD01
N05AA01;C01BD05
N05AA01;S01AX19
N05AA01;J01MA12
N05AA01;N05AA02
N05AA01;N07BC07
N05AA01;N05AC03
N05AA01;N07BC02
N05AA01;N02AC52
N05AA01;V04CN05
N05AA01;V70AA01
N05AA01;J01MA14
N05AA01;A04AA01
N05AA01;L01XA03
N05AA01;A03AD01
N05AA01;C04AX38
N05AA01;G04BE02
N05AA01;G04BE52
N05AA01;C04BA02
N05AA01;P01CX01
N05AA01;N05AG02
N05AA01;C10AX02
N05AA01;C01BA02
N05AA01;N01AX10
N05AA01;C01BA01
N05AA01;C01BA51
N05AA01;C01BA71
N05AA01;C08DA81
N05AA01;N01AB08
N05AA01;C07AA07
N05AA01;C07AA57
N05AA01;C07BA07
N05AA01;J01MA09
N05AA01;N05AL01
N05AA01;R06AX12
N05AA01;N05AC02
J01MA02;C01BD01
J01MA02;L01XX35
J01MA02;L01XX27
J01MA02;R06AX11
J01MA02;J01FA10
J01MA02;C08EA02
J01MA02;P01BA01
J01MA02;N05AA01
J01MA02;J01MA02
J01MA02;A03FA02
J01MA02;N06AB04
J01MA02;J01FA09
J01MA02;A02BD04
J01MA02;A02BD05
J01MA02;A02BD06
J01MA02;N01BC01
J01MA02;C01BA03
J01MA02;C01BD04
J01MA02;A03FA03
J01MA02;N06DA02
J01MA02;N01AX01
J01MA02;D10AF02
J01MA02;D10AF52
J01MA02;S01AA17
J01MA02;J01FA01
J01MA02;R05GB07
J01MA02;N06AB10
J01MA02;C01BC04
J01MA02;J02AC01
J01MA02;J01MA16
J01MA02;J01MA11
J01MA02;P01BX01
J01MA02;N05AD01
J01MA02;C01BD05
J01MA02;S01AX19
J01MA02;J01MA12
J01MA02;N05AA02
J01MA02;N07BC07
J01MA02;N05AC03
J01MA02;N07BC02
J01MA02;N02AC52
J01MA02;V04CN05
J01MA02;V70AA01
J01MA02;J01MA14
J01MA02;A04AA01
J01MA02;L01XA03
J01MA02;A03AD01
J01MA02;C04AX38
J01MA02;G04BE02
J01MA02;G04BE52
J01MA02;C04BA02
J01MA02;P01CX01
J01MA02;N05AG02
J01MA02;C10AX02
J01MA02;C01BA02
J01MA02;N01AX10
J01MA02;C01BA01
J01MA02;C01BA51
J01MA02;C01BA71
J01MA02;C08DA81
J01MA02;N01AB08
J01MA02;C07AA07
J01MA02;C07AA57
J01MA02;C07BA07
J01MA02;J01MA09
J01MA02;N05AL01
J01MA02;R06AX12
J01MA02;N05AC02
A03FA02;C01BD01
A03FA02;L01XX35
A03FA02;L01XX27
A03FA02;R06AX11
A03FA02;J01FA10
A03FA02;C08EA02
A03FA02;P01BA01
A03FA02;N05AA01
A03FA02;J01MA02
A03FA02;A03FA02
A03FA02;N06AB04
A03FA02;J01FA09
A03FA02;A02BD04
A03FA02;A02BD05
A03FA02;A02BD06
A03FA02;N01BC01
A03FA02;C01BA03
A03FA02;C01BD04
A03FA02;A03FA03
A03FA02;N06DA02
A03FA02;N01AX01
A03FA02;D10AF02
A03FA02;D10AF52
A03FA02;S01AA17
A03FA02;J01FA01
A03FA02;R05GB07
A03FA02;N06AB10
A03FA02;C01BC04
A03FA02;J02AC01
A03FA02;J01MA16
A03FA02;J01MA11
A03FA02;P01BX01
A03FA02;N05AD01
A03FA02;C01BD05
A03FA02;S01AX19
A03FA02;J01MA12
A03FA02;N05AA02
A03FA02;N07BC07
A03FA02;N05AC03
A03FA02;N07BC02
A03FA02;N02AC52
A03FA02;V04CN05
A03FA02;V70AA01
A03FA02;J01MA14
A03FA02;A04AA01
A03FA02;L01XA03
A03FA02;A03AD01
A03FA02;C04AX38
A03FA02;G04BE02
A03FA02;G04BE52
A03FA02;C04BA02
A03FA02;P01CX01
A03FA02;N05AG02
A03FA02;C10AX02
A03FA02;C01BA02
A03FA02;N01AX10
A03FA02;C01BA01
A03FA02;C01BA51
A03FA02;C01BA71
A03FA02;C08DA81
A03FA02;N01AB08
A03FA02;C07AA07
A03FA02;C07AA57
A03FA02;C07BA07
A03FA02;J01MA09
A03FA02;N05AL01
A03FA02;R06AX12
A03FA02;N05AC02
N06AB04;C01BD01
N06AB04;L01XX35
N06AB04;L01XX27
N06AB04;R06AX11
N06AB04;J01FA10
N06AB04;C08EA02
N06AB04;P01BA01
N06AB04;N05AA01
N06AB04;J01MA02
N06AB04;A03FA02
N06AB04;N06AB04
N06AB04;J01FA09
N06AB04;A02BD04
N06AB04;A02BD05
N06AB04;A02BD06
N06AB04;N01BC01
N06AB04;C01BA03
N06AB04;C01BD04
N06AB04;A03FA03
N06AB04;N06DA02
N06AB04;N01AX01
N06AB04;D10AF02
N06AB04;D10AF52
N06AB04;S01AA17
N06AB04;J01FA01
N06AB04;R05GB07
N06AB04;N06AB10
N06AB04;C01BC04
N06AB04;J02AC01
N06AB04;J01MA16
N06AB04;J01MA11
N06AB04;P01BX01
N06AB04;N05AD01
N06AB04;C01BD05
N06AB04;S01AX19
N06AB04;J01MA12
N06AB04;N05AA02
N06AB04;N07BC07
N06AB04;N05AC03
N06AB04;N07BC02
N06AB04;N02AC52
N06AB04;V04CN05
N06AB04;V70AA01
N06AB04;J01MA14
N06AB04;A04AA01
N06AB04;L01XA03
N06AB04;A03AD01
N06AB04;C04AX38
N06AB04;G04BE02
N06AB04;G04BE52
N06AB04;C04BA02
N06AB04;P01CX01
N06AB04;N05AG02
N06AB04;C10AX02
N06AB04;C01BA02
N06AB04;N01AX10
N06AB04;C01BA01
N06AB04;C01BA51
N06AB04;C01BA71
N06AB04;C08DA81
N06AB04;N01AB08
N06AB04;C07AA07
N06AB04;C07AA57
N06AB04;C07BA07
N06AB04;J01MA09
N06AB04;N05AL01
N06AB04;R06AX12
N06AB04;N05AC02
J01FA09;C01BD01
A02BD04;C01BD01
A02BD05;C01BD01
A02BD06;C01BD01
J01FA09;L01XX35
A02BD04;L01XX35
A02BD05;L01XX35
A02BD06;L01XX35
J01FA09;L01XX27
A02BD04;L01XX27
A02BD05;L01XX27
A02BD06;L01XX27
J01FA09;R06AX11
A02BD04;R06AX11
A02BD05;R06AX11
A02BD06;R06AX11
J01FA09;J01FA10
A02BD04;J01FA10
A02BD05;J01FA10
A02BD06;J01FA10
J01FA09;C08EA02
A02BD04;C08EA02
A02BD05;C08EA02
A02BD06;C08EA02
J01FA09;P01BA01
A02BD04;P01BA01
A02BD05;P01BA01
A02BD06;P01BA01
J01FA09;N05AA01
A02BD04;N05AA01
A02BD05;N05AA01
A02BD06;N05AA01
J01FA09;J01MA02
A02BD04;J01MA02
A02BD05;J01MA02
A02BD06;J01MA02
J01FA09;A03FA02
A02BD04;A03FA02
A02BD05;A03FA02
A02BD06;A03FA02
J01FA09;N06AB04
A02BD04;N06AB04
A02BD05;N06AB04
A02BD06;N06AB04
J01FA09;J01FA09
J01FA09;A02BD04
J01FA09;A02BD05
J01FA09;A02BD06
A02BD04;J01FA09
A02BD04;A02BD04
A02BD04;A02BD05
A02BD04;A02BD06
A02BD05;J01FA09
A02BD05;A02BD04
A02BD05;A02BD05
A02BD05;A02BD06
A02BD06;J01FA09
A02BD06;A02BD04
A02BD06;A02BD05
A02BD06;A02BD06
J01FA09;N01BC01
A02BD04;N01BC01
A02BD05;N01BC01
A02BD06;N01BC01
J01FA09;C01BA03
A02BD04;C01BA03
A02BD05;C01BA03
A02BD06;C01BA03
J01FA09;C01BD04
A02BD04;C01BD04
A02BD05;C01BD04
A02BD06;C01BD04
J01FA09;A03FA03
A02BD04;A03FA03
A02BD05;A03FA03
A02BD06;A03FA03
J01FA09;N06DA02
A02BD04;N06DA02
A02BD05;N06DA02
A02BD06;N06DA02
J01FA09;N01AX01
A02BD04;N01AX01
A02BD05;N01AX01
A02BD06;N01AX01
J01FA09;D10AF02
J01FA09;D10AF52
J01FA09;S01AA17
J01FA09;J01FA01
J01FA09;R05GB07
A02BD04;D10AF02
A02BD04;D10AF52
A02BD04;S01AA17
A02BD04;J01FA01
A02BD04;R05GB07
A02BD05;D10AF02
A02BD05;D10AF52
A02BD05;S01AA17
A02BD05;J01FA01
A02BD05;R05GB07
A02BD06;D10AF02
A02BD06;D10AF52
A02BD06;S01AA17
A02BD06;J01FA01
A02BD06;R05GB07
J01FA09;N06AB10
A02BD04;N06AB10
A02BD05;N06AB10
A02BD06;N06AB10
J01FA09;C01BC04
A02BD04;C01BC04
A02BD05;C01BC04
A02BD06;C01BC04
J01FA09;J02AC01
A02BD04;J02AC01
A02BD05;J02AC01
A02BD06;J02AC01
J01FA09;J01MA16
A02BD04;J01MA16
A02BD05;J01MA16
A02BD06;J01MA16
J01FA09;J01MA11
A02BD04;J01MA11
A02BD05;J01MA11
A02BD06;J01MA11
J01FA09;P01BX01
A02BD04;P01BX01
A02BD05;P01BX01
A02BD06;P01BX01
J01FA09;N05AD01
A02BD04;N05AD01
A02BD05;N05AD01
A02BD06;N05AD01
J01FA09;C01BD05
A02BD04;C01BD05
A02BD05;C01BD05
A02BD06;C01BD05
J01FA09;S01AX19
J01FA09;J01MA12
A02BD04;S01AX19
A02BD04;J01MA12
A02BD05;S01AX19
A02BD05;J01MA12
A02BD06;S01AX19
A02BD06;J01MA12
J01FA09;N05AA02
A02BD04;N05AA02
A02BD05;N05AA02
A02BD06;N05AA02
J01FA09;N07BC07
A02BD04;N07BC07
A02BD05;N07BC07
A02BD06;N07BC07
J01FA09;N05AC03
A02BD04;N05AC03
A02BD05;N05AC03
A02BD06;N05AC03
J01FA09;N07BC02
J01FA09;N02AC52
J01FA09;V04CN05
J01FA09;V70AA01
A02BD04;N07BC02
A02BD04;N02AC52
A02BD04;V04CN05
A02BD04;V70AA01
A02BD05;N07BC02
A02BD05;N02AC52
A02BD05;V04CN05
A02BD05;V70AA01
A02BD06;N07BC02
A02BD06;N02AC52
A02BD06;V04CN05
A02BD06;V70AA01
J01FA09;J01MA14
A02BD04;J01MA14
A02BD05;J01MA14
A02BD06;J01MA14
J01FA09;A04AA01
A02BD04;A04AA01
A02BD05;A04AA01
A02BD06;A04AA01
J01FA09;L01XA03
A02BD04;L01XA03
A02BD05;L01XA03
A02BD06;L01XA03
J01FA09;A03AD01
J01FA09;C04AX38
J01FA09;G04BE02
J01FA09;G04BE52
J01FA09;C04BA02
A02BD04;A03AD01
A02BD04;C04AX38
A02BD04;G04BE02
A02BD04;G04BE52
A02BD04;C04BA02
A02BD05;A03AD01
A02BD05;C04AX38
A02BD05;G04BE02
A02BD05;G04BE52
A02BD05;C04BA02
A02BD06;A03AD01
A02BD06;C04AX38
A02BD06;G04BE02
A02BD06;G04BE52
A02BD06;C04BA02
J01FA09;P01CX01
A02BD04;P01CX01
A02BD05;P01CX01
A02BD06;P01CX01
J01FA09;N05AG02
A02BD04;N05AG02
A02BD05;N05AG02
A02BD06;N05AG02
J01FA09;C10AX02
A02BD04;C10AX02
A02BD05;C10AX02
A02BD06;C10AX02
J01FA09;C01BA02
A02BD04;C01BA02
A02BD05;C01BA02
A02BD06;C01BA02
J01FA09;N01AX10
A02BD04;N01AX10
A02BD05;N01AX10
A02BD06;N01AX10
J01FA09;C01BA01
J01FA09;C01BA51
J01FA09;C01BA71
J01FA09;C08DA81
A02BD04;C01BA01
A02BD04;C01BA51
A02BD04;C01BA71
A02BD04;C08DA81
A02BD05;C01BA01
A02BD05;C01BA51
A02BD05;C01BA71
A02BD05;C08DA81
A02BD06;C01BA01
A02BD06;C01BA51
A02BD06;C01BA71
A02BD06;C08DA81
J01FA09;N01AB08
A02BD04;N01AB08
A02BD05;N01AB08
A02BD06;N01AB08
J01FA09;C07AA07
J01FA09;C07AA57
J01FA09;C07BA07
A02BD04;C07AA07
A02BD04;C07AA57
A02BD04;C07BA07
A02BD05;C07AA07
A02BD05;C07AA57
A02BD05;C07BA07
A02BD06;C07AA07
A02BD06;C07AA57
A02BD06;C07BA07
J01FA09;J01MA09
A02BD04;J01MA09
A02BD05;J01MA09
A02BD06;J01MA09
J01FA09;N05AL01
A02BD04;N05AL01
A02BD05;N05AL01
A02BD06;N05AL01
J01FA09;R06AX12
A02BD04;R06AX12
A02BD05;R06AX12
A02BD06;R06AX12
J01FA09;N05AC02
A02BD04;N05AC02
A02BD05;N05AC02
A02BD06;N05AC02
N01BC01;C01BD01
N01BC01;L01XX35
N01BC01;L01XX27
N01BC01;R06AX11
N01BC01;J01FA10
N01BC01;C08EA02
N01BC01;P01BA01
N01BC01;N05AA01
N01BC01;J01MA02
N01BC01;A03FA02
N01BC01;N06AB04
N01BC01;J01FA09
N01BC01;A02BD04
N01BC01;A02BD05
N01BC01;A02BD06
N01BC01;N01BC01
N01BC01;C01BA03
N01BC01;C01BD04
N01BC01;A03FA03
N01BC01;N06DA02
N01BC01;N01AX01
N01BC01;D10AF02
N01BC01;D10AF52
N01BC01;S01AA17
N01BC01;J01FA01
N01BC01;R05GB07
N01BC01;N06AB10
N01BC01;C01BC04
N01BC01;J02AC01
N01BC01;J01MA16
N01BC01;J01MA11
N01BC01;P01BX01
N01BC01;N05AD01
N01BC01;C01BD05
N01BC01;S01AX19
N01BC01;J01MA12
N01BC01;N05AA02
N01BC01;N07BC07
N01BC01;N05AC03
N01BC01;N07BC02
N01BC01;N02AC52
N01BC01;V04CN05
N01BC01;V70AA01
N01BC01;J01MA14
N01BC01;A04AA01
N01BC01;L01XA03
N01BC01;A03AD01
N01BC01;C04AX38
N01BC01;G04BE02
N01BC01;G04BE52
N01BC01;C04BA02
N01BC01;P01CX01
N01BC01;N05AG02
N01BC01;C10AX02
N01BC01;C01BA02
N01BC01;N01AX10
N01BC01;C01BA01
N01BC01;C01BA51
N01BC01;C01BA71
N01BC01;C08DA81
N01BC01;N01AB08
N01BC01;C07AA07
N01BC01;C07AA57
N01BC01;C07BA07
N01BC01;J01MA09
N01BC01;N05AL01
N01BC01;R06AX12
N01BC01;N05AC02
C01BA03;C01BD01
C01BA03;L01XX35
C01BA03;L01XX27
C01BA03;R06AX11
C01BA03;J01FA10
C01BA03;C08EA02
C01BA03;P01BA01
C01BA03;N05AA01
C01BA03;J01MA02
C01BA03;A03FA02
C01BA03;N06AB04
C01BA03;J01FA09
C01BA03;A02BD04
C01BA03;A02BD05
C01BA03;A02BD06
C01BA03;N01BC01
C01BA03;C01BA03
C01BA03;C01BD04
C01BA03;A03FA03
C01BA03;N06DA02
C01BA03;N01AX01
C01BA03;D10AF02
C01BA03;D10AF52
C01BA03;S01AA17
C01BA03;J01FA01
C01BA03;R05GB07
C01BA03;N06AB10
C01BA03;C01BC04
C01BA03;J02AC01
C01BA03;J01MA16
C01BA03;J01MA11
C01BA03;P01BX01
C01BA03;N05AD01
C01BA03;C01BD05
C01BA03;S01AX19
C01BA03;J01MA12
C01BA03;N05AA02
C01BA03;N07BC07
C01BA03;N05AC03
C01BA03;N07BC02
C01BA03;N02AC52
C01BA03;V04CN05
C01BA03;V70AA01
C01BA03;J01MA14
C01BA03;A04AA01
C01BA03;L01XA03
C01BA03;A03AD01
C01BA03;C04AX38
C01BA03;G04BE02
C01BA03;G04BE52
C01BA03;C04BA02
C01BA03;P01CX01
C01BA03;N05AG02
C01BA03;C10AX02
C01BA03;C01BA02
C01BA03;N01AX10
C01BA03;C01BA01
C01BA03;C01BA51
C01BA03;C01BA71
C01BA03;C08DA81
C01BA03;N01AB08
C01BA03;C07AA07
C01BA03;C07AA57
C01BA03;C07BA07
C01BA03;J01MA09
C01BA03;N05AL01
C01BA03;R06AX12
C01BA03;N05AC02
C01BD04;C01BD01
C01BD04;L01XX35
C01BD04;L01XX27
C01BD04;R06AX11
C01BD04;J01FA10
C01BD04;C08EA02
C01BD04;P01BA01
C01BD04;N05AA01
C01BD04;J01MA02
C01BD04;A03FA02
C01BD04;N06AB04
C01BD04;J01FA09
C01BD04;A02BD04
C01BD04;A02BD05
C01BD04;A02BD06
C01BD04;N01BC01
C01BD04;C01BA03
C01BD04;C01BD04
C01BD04;A03FA03
C01BD04;N06DA02
C01BD04;N01AX01
C01BD04;D10AF02
C01BD04;D10AF52
C01BD04;S01AA17
C01BD04;J01FA01
C01BD04;R05GB07
C01BD04;N06AB10
C01BD04;C01BC04
C01BD04;J02AC01
C01BD04;J01MA16
C01BD04;J01MA11
C01BD04;P01BX01
C01BD04;N05AD01
C01BD04;C01BD05
C01BD04;S01AX19
C01BD04;J01MA12
C01BD04;N05AA02
C01BD04;N07BC07
C01BD04;N05AC03
C01BD04;N07BC02
C01BD04;N02AC52
C01BD04;V04CN05
C01BD04;V70AA01
C01BD04;J01MA14
C01BD04;A04AA01
C01BD04;L01XA03
C01BD04;A03AD01
C01BD04;C04AX38
C01BD04;G04BE02
C01BD04;G04BE52
C01BD04;C04BA02
C01BD04;P01CX01
C01BD04;N05AG02
C01BD04;C10AX02
C01BD04;C01BA02
C01BD04;N01AX10
C01BD04;C01BA01
C01BD04;C01BA51
C01BD04;C01BA71
C01BD04;C08DA81
C01BD04;N01AB08
C01BD04;C07AA07
C01BD04;C07AA57
C01BD04;C07BA07
C01BD04;J01MA09
C01BD04;N05AL01
C01BD04;R06AX12
C01BD04;N05AC02
A03FA03;C01BD01
A03FA03;L01XX35
A03FA03;L01XX27
A03FA03;R06AX11
A03FA03;J01FA10
A03FA03;C08EA02
A03FA03;P01BA01
A03FA03;N05AA01
A03FA03;J01MA02
A03FA03;A03FA02
A03FA03;N06AB04
A03FA03;J01FA09
A03FA03;A02BD04
A03FA03;A02BD05
A03FA03;A02BD06
A03FA03;N01BC01
A03FA03;C01BA03
A03FA03;C01BD04
A03FA03;A03FA03
A03FA03;N06DA02
A03FA03;N01AX01
A03FA03;D10AF02
A03FA03;D10AF52
A03FA03;S01AA17
A03FA03;J01FA01
A03FA03;R05GB07
A03FA03;N06AB10
A03FA03;C01BC04
A03FA03;J02AC01
A03FA03;J01MA16
A03FA03;J01MA11
A03FA03;P01BX01
A03FA03;N05AD01
A03FA03;C01BD05
A03FA03;S01AX19
A03FA03;J01MA12
A03FA03;N05AA02
A03FA03;N07BC07
A03FA03;N05AC03
A03FA03;N07BC02
A03FA03;N02AC52
A03FA03;V04CN05
A03FA03;V70AA01
A03FA03;J01MA14
A03FA03;A04AA01
A03FA03;L01XA03
A03FA03;A03AD01
A03FA03;C04AX38
A03FA03;G04BE02
A03FA03;G04BE52
A03FA03;C04BA02
A03FA03;P01CX01
A03FA03;N05AG02
A03FA03;C10AX02
A03FA03;C01BA02
A03FA03;N01AX10
A03FA03;C01BA01
A03FA03;C01BA51
A03FA03;C01BA71
A03FA03;C08DA81
A03FA03;N01AB08
A03FA03;C07AA07
A03FA03;C07AA57
A03FA03;C07BA07
A03FA03;J01MA09
A03FA03;N05AL01
A03FA03;R06AX12
A03FA03;N05AC02
N06DA02;C01BD01
N06DA02;L01XX35
N06DA02;L01XX27
N06DA02;R06AX11
N06DA02;J01FA10
N06DA02;C08EA02
N06DA02;P01BA01
N06DA02;N05AA01
N06DA02;J01MA02
N06DA02;A03FA02
N06DA02;N06AB04
N06DA02;J01FA09
N06DA02;A02BD04
N06DA02;A02BD05
N06DA02;A02BD06
N06DA02;N01BC01
N06DA02;C01BA03
N06DA02;C01BD04
N06DA02;A03FA03
N06DA02;N06DA02
N06DA02;N01AX01
N06DA02;D10AF02
N06DA02;D10AF52
N06DA02;S01AA17
N06DA02;J01FA01
N06DA02;R05GB07
N06DA02;N06AB10
N06DA02;C01BC04
N06DA02;J02AC01
N06DA02;J01MA16
N06DA02;J01MA11
N06DA02;P01BX01
N06DA02;N05AD01
N06DA02;C01BD05
N06DA02;S01AX19
N06DA02;J01MA12
N06DA02;N05AA02
N06DA02;N07BC07
N06DA02;N05AC03
N06DA02;N07BC02
N06DA02;N02AC52
N06DA02;V04CN05
N06DA02;V70AA01
N06DA02;J01MA14
N06DA02;A04AA01
N06DA02;L01XA03
N06DA02;A03AD01
N06DA02;C04AX38
N06DA02;G04BE02
N06DA02;G04BE52
N06DA02;C04BA02
N06DA02;P01CX01
N06DA02;N05AG02
N06DA02;C10AX02
N06DA02;C01BA02
N06DA02;N01AX10
N06DA02;C01BA01
N06DA02;C01BA51
N06DA02;C01BA71
N06DA02;C08DA81
N06DA02;N01AB08
N06DA02;C07AA07
N06DA02;C07AA57
N06DA02;C07BA07
N06DA02;J01MA09
N06DA02;N05AL01
N06DA02;R06AX12
N06DA02;N05AC02
N01AX01;C01BD01
N01AX01;L01XX35
N01AX01;L01XX27
N01AX01;R06AX11
N01AX01;J01FA10
N01AX01;C08EA02
N01AX01;P01BA01
N01AX01;N05AA01
N01AX01;J01MA02
N01AX01;A03FA02
N01AX01;N06AB04
N01AX01;J01FA09
N01AX01;A02BD04
N01AX01;A02BD05
N01AX01;A02BD06
N01AX01;N01BC01
N01AX01;C01BA03
N01AX01;C01BD04
N01AX01;A03FA03
N01AX01;N06DA02
N01AX01;N01AX01
N01AX01;D10AF02
N01AX01;D10AF52
N01AX01;S01AA17
N01AX01;J01FA01
N01AX01;R05GB07
N01AX01;N06AB10
N01AX01;C01BC04
N01AX01;J02AC01
N01AX01;J01MA16
N01AX01;J01MA11
N01AX01;P01BX01
N01AX01;N05AD01
N01AX01;C01BD05
N01AX01;S01AX19
N01AX01;J01MA12
N01AX01;N05AA02
N01AX01;N07BC07
N01AX01;N05AC03
N01AX01;N07BC02
N01AX01;N02AC52
N01AX01;V04CN05
N01AX01;V70AA01
N01AX01;J01MA14
N01AX01;A04AA01
N01AX01;L01XA03
N01AX01;A03AD01
N01AX01;C04AX38
N01AX01;G04BE02
N01AX01;G04BE52
N01AX01;C04BA02
N01AX01;P01CX01
N01AX01;N05AG02
N01AX01;C10AX02
N01AX01;C01BA02
N01AX01;N01AX10
N01AX01;C01BA01
N01AX01;C01BA51
N01AX01;C01BA71
N01AX01;C08DA81
N01AX01;N01AB08
N01AX01;C07AA07
N01AX01;C07AA57
N01AX01;C07BA07
N01AX01;J01MA09
N01AX01;N05AL01
N01AX01;R06AX12
N01AX01;N05AC02
D10AF02;C01BD01
D10AF52;C01BD01
S01AA17;C01BD01
J01FA01;C01BD01
R05GB07;C01BD01
D10AF02;L01XX35
D10AF52;L01XX35
S01AA17;L01XX35
J01FA01;L01XX35
R05GB07;L01XX35
D10AF02;L01XX27
D10AF52;L01XX27
S01AA17;L01XX27
J01FA01;L01XX27
R05GB07;L01XX27
D10AF02;R06AX11
D10AF52;R06AX11
S01AA17;R06AX11
J01FA01;R06AX11
R05GB07;R06AX11
D10AF02;J01FA10
D10AF52;J01FA10
S01AA17;J01FA10
J01FA01;J01FA10
R05GB07;J01FA10
D10AF02;C08EA02
D10AF52;C08EA02
S01AA17;C08EA02
J01FA01;C08EA02
R05GB07;C08EA02
D10AF02;P01BA01
D10AF52;P01BA01
S01AA17;P01BA01
J01FA01;P01BA01
R05GB07;P01BA01
D10AF02;N05AA01
D10AF52;N05AA01
S01AA17;N05AA01
J01FA01;N05AA01
R05GB07;N05AA01
D10AF02;J01MA02
D10AF52;J01MA02
S01AA17;J01MA02
J01FA01;J01MA02
R05GB07;J01MA02
D10AF02;A03FA02
D10AF52;A03FA02
S01AA17;A03FA02
J01FA01;A03FA02
R05GB07;A03FA02
D10AF02;N06AB04
D10AF52;N06AB04
S01AA17;N06AB04
J01FA01;N06AB04
R05GB07;N06AB04
D10AF02;J01FA09
D10AF02;A02BD04
D10AF02;A02BD05
D10AF02;A02BD06
D10AF52;J01FA09
D10AF52;A02BD04
D10AF52;A02BD05
D10AF52;A02BD06
S01AA17;J01FA09
S01AA17;A02BD04
S01AA17;A02BD05
S01AA17;A02BD06
J01FA01;J01FA09
J01FA01;A02BD04
J01FA01;A02BD05
J01FA01;A02BD06
R05GB07;J01FA09
R05GB07;A02BD04
R05GB07;A02BD05
R05GB07;A02BD06
D10AF02;N01BC01
D10AF52;N01BC01
S01AA17;N01BC01
J01FA01;N01BC01
R05GB07;N01BC01
D10AF02;C01BA03
D10AF52;C01BA03
S01AA17;C01BA03
J01FA01;C01BA03
R05GB07;C01BA03
D10AF02;C01BD04
D10AF52;C01BD04
S01AA17;C01BD04
J01FA01;C01BD04
R05GB07;C01BD04
D10AF02;A03FA03
D10AF52;A03FA03
S01AA17;A03FA03
J01FA01;A03FA03
R05GB07;A03FA03
D10AF02;N06DA02
D10AF52;N06DA02
S01AA17;N06DA02
J01FA01;N06DA02
R05GB07;N06DA02
D10AF02;N01AX01
D10AF52;N01AX01
S01AA17;N01AX01
J01FA01;N01AX01
R05GB07;N01AX01
D10AF02;D10AF02
D10AF02;D10AF52
D10AF02;S01AA17
D10AF02;J01FA01
D10AF02;R05GB07
D10AF52;D10AF02
D10AF52;D10AF52
D10AF52;S01AA17
D10AF52;J01FA01
D10AF52;R05GB07
S01AA17;D10AF02
S01AA17;D10AF52
S01AA17;S01AA17
S01AA17;J01FA01
S01AA17;R05GB07
J01FA01;D10AF02
J01FA01;D10AF52
J01FA01;S01AA17
J01FA01;J01FA01
J01FA01;R05GB07
R05GB07;D10AF02
R05GB07;D10AF52
R05GB07;S01AA17
R05GB07;J01FA01
R05GB07;R05GB07
D10AF02;N06AB10
D10AF52;N06AB10
S01AA17;N06AB10
J01FA01;N06AB10
R05GB07;N06AB10
D10AF02;C01BC04
D10AF52;C01BC04
S01AA17;C01BC04
J01FA01;C01BC04
R05GB07;C01BC04
D10AF02;J02AC01
D10AF52;J02AC01
S01AA17;J02AC01
J01FA01;J02AC01
R05GB07;J02AC01
D10AF02;J01MA16
D10AF52;J01MA16
S01AA17;J01MA16
J01FA01;J01MA16
R05GB07;J01MA16
D10AF02;J01MA11
D10AF52;J01MA11
S01AA17;J01MA11
J01FA01;J01MA11
R05GB07;J01MA11
D10AF02;P01BX01
D10AF52;P01BX01
S01AA17;P01BX01
J01FA01;P01BX01
R05GB07;P01BX01
D10AF02;N05AD01
D10AF52;N05AD01
S01AA17;N05AD01
J01FA01;N05AD01
R05GB07;N05AD01
D10AF02;C01BD05
D10AF52;C01BD05
S01AA17;C01BD05
J01FA01;C01BD05
R05GB07;C01BD05
D10AF02;S01AX19
D10AF02;J01MA12
D10AF52;S01AX19
D10AF52;J01MA12
S01AA17;S01AX19
S01AA17;J01MA12
J01FA01;S01AX19
J01FA01;J01MA12
R05GB07;S01AX19
R05GB07;J01MA12
D10AF02;N05AA02
D10AF52;N05AA02
S01AA17;N05AA02
J01FA01;N05AA02
R05GB07;N05AA02
D10AF02;N07BC07
D10AF52;N07BC07
S01AA17;N07BC07
J01FA01;N07BC07
R05GB07;N07BC07
D10AF02;N05AC03
D10AF52;N05AC03
S01AA17;N05AC03
J01FA01;N05AC03
R05GB07;N05AC03
D10AF02;N07BC02
D10AF02;N02AC52
D10AF02;V04CN05
D10AF02;V70AA01
D10AF52;N07BC02
D10AF52;N02AC52
D10AF52;V04CN05
D10AF52;V70AA01
S01AA17;N07BC02
S01AA17;N02AC52
S01AA17;V04CN05
S01AA17;V70AA01
J01FA01;N07BC02
J01FA01;N02AC52
J01FA01;V04CN05
J01FA01;V70AA01
R05GB07;N07BC02
R05GB07;N02AC52
R05GB07;V04CN05
R05GB07;V70AA01
D10AF02;J01MA14
D10AF52;J01MA14
S01AA17;J01MA14
J01FA01;J01MA14
R05GB07;J01MA14
D10AF02;A04AA01
D10AF52;A04AA01
S01AA17;A04AA01
J01FA01;A04AA01
R05GB07;A04AA01
D10AF02;L01XA03
D10AF52;L01XA03
S01AA17;L01XA03
J01FA01;L01XA03
R05GB07;L01XA03
D10AF02;A03AD01
D10AF02;C04AX38
D10AF02;G04BE02
D10AF02;G04BE52
D10AF02;C04BA02
D10AF52;A03AD01
D10AF52;C04AX38
D10AF52;G04BE02
D10AF52;G04BE52
D10AF52;C04BA02
S01AA17;A03AD01
S01AA17;C04AX38
S01AA17;G04BE02
S01AA17;G04BE52
S01AA17;C04BA02
J01FA01;A03AD01
J01FA01;C04AX38
J01FA01;G04BE02
J01FA01;G04BE52
J01FA01;C04BA02
R05GB07;A03AD01
R05GB07;C04AX38
R05GB07;G04BE02
R05GB07;G04BE52
R05GB07;C04BA02
D10AF02;P01CX01
D10AF52;P01CX01
S01AA17;P01CX01
J01FA01;P01CX01
R05GB07;P01CX01
D10AF02;N05AG02
D10AF52;N05AG02
S01AA17;N05AG02
J01FA01;N05AG02
R05GB07;N05AG02
D10AF02;C10AX02
D10AF52;C10AX02
S01AA17;C10AX02
J01FA01;C10AX02
R05GB07;C10AX02
D10AF02;C01BA02
D10AF52;C01BA02
S01AA17;C01BA02
J01FA01;C01BA02
R05GB07;C01BA02
D10AF02;N01AX10
D10AF52;N01AX10
S01AA17;N01AX10
J01FA01;N01AX10
R05GB07;N01AX10
D10AF02;C01BA01
D10AF02;C01BA51
D10AF02;C01BA71
D10AF02;C08DA81
D10AF52;C01BA01
D10AF52;C01BA51
D10AF52;C01BA71
D10AF52;C08DA81
S01AA17;C01BA01
S01AA17;C01BA51
S01AA17;C01BA71
S01AA17;C08DA81
J01FA01;C01BA01
J01FA01;C01BA51
J01FA01;C01BA71
J01FA01;C08DA81
R05GB07;C01BA01
R05GB07;C01BA51
R05GB07;C01BA71
R05GB07;C08DA81
D10AF02;N01AB08
D10AF52;N01AB08
S01AA17;N01AB08
J01FA01;N01AB08
R05GB07;N01AB08
D10AF02;C07AA07
D10AF02;C07AA57
D10AF02;C07BA07
D10AF52;C07AA07
D10AF52;C07AA57
D10AF52;C07BA07
S01AA17;C07AA07
S01AA17;C07AA57
S01AA17;C07BA07
J01FA01;C07AA07
J01FA01;C07AA57
J01FA01;C07BA07
R05GB07;C07AA07
R05GB07;C07AA57
R05GB07;C07BA07
D10AF02;J01MA09
D10AF52;J01MA09
S01AA17;J01MA09
J01FA01;J01MA09
R05GB07;J01MA09
D10AF02;N05AL01
D10AF52;N05AL01
S01AA17;N05AL01
J01FA01;N05AL01
R05GB07;N05AL01
D10AF02;R06AX12
D10AF52;R06AX12
S01AA17;R06AX12
J01FA01;R06AX12
R05GB07;R06AX12
D10AF02;N05AC02
D10AF52;N05AC02
S01AA17;N05AC02
J01FA01;N05AC02
R05GB07;N05AC02
N06AB10;C01BD01
N06AB10;L01XX35
N06AB10;L01XX27
N06AB10;R06AX11
N06AB10;J01FA10
N06AB10;C08EA02
N06AB10;P01BA01
N06AB10;N05AA01
N06AB10;J01MA02
N06AB10;A03FA02
N06AB10;N06AB04
N06AB10;J01FA09
N06AB10;A02BD04
N06AB10;A02BD05
N06AB10;A02BD06
N06AB10;N01BC01
N06AB10;C01BA03
N06AB10;C01BD04
N06AB10;A03FA03
N06AB10;N06DA02
N06AB10;N01AX01
N06AB10;D10AF02
N06AB10;D10AF52
N06AB10;S01AA17
N06AB10;J01FA01
N06AB10;R05GB07
N06AB10;N06AB10
N06AB10;C01BC04
N06AB10;J02AC01
N06AB10;J01MA16
N06AB10;J01MA11
N06AB10;P01BX01
N06AB10;N05AD01
N06AB10;C01BD05
N06AB10;S01AX19
N06AB10;J01MA12
N06AB10;N05AA02
N06AB10;N07BC07
N06AB10;N05AC03
N06AB10;N07BC02
N06AB10;N02AC52
N06AB10;V04CN05
N06AB10;V70AA01
N06AB10;J01MA14
N06AB10;A04AA01
N06AB10;L01XA03
N06AB10;A03AD01
N06AB10;C04AX38
N06AB10;G04BE02
N06AB10;G04BE52
N06AB10;C04BA02
N06AB10;P01CX01
N06AB10;N05AG02
N06AB10;C10AX02
N06AB10;C01BA02
N06AB10;N01AX10
N06AB10;C01BA01
N06AB10;C01BA51
N06AB10;C01BA71
N06AB10;C08DA81
N06AB10;N01AB08
N06AB10;C07AA07
N06AB10;C07AA57
N06AB10;C07BA07
N06AB10;J01MA09
N06AB10;N05AL01
N06AB10;R06AX12
N06AB10;N05AC02
C01BC04;C01BD01
C01BC04;L01XX35
C01BC04;L01XX27
C01BC04;R06AX11
C01BC04;J01FA10
C01BC04;C08EA02
C01BC04;P01BA01
C01BC04;N05AA01
C01BC04;J01MA02
C01BC04;A03FA02
C01BC04;N06AB04
C01BC04;J01FA09
C01BC04;A02BD04
C01BC04;A02BD05
C01BC04;A02BD06
C01BC04;N01BC01
C01BC04;C01BA03
C01BC04;C01BD04
C01BC04;A03FA03
C01BC04;N06DA02
C01BC04;N01AX01
C01BC04;D10AF02
C01BC04;D10AF52
C01BC04;S01AA17
C01BC04;J01FA01
C01BC04;R05GB07
C01BC04;N06AB10
C01BC04;C01BC04
C01BC04;J02AC01
C01BC04;J01MA16
C01BC04;J01MA11
C01BC04;P01BX01
C01BC04;N05AD01
C01BC04;C01BD05
C01BC04;S01AX19
C01BC04;J01MA12
C01BC04;N05AA02
C01BC04;N07BC07
C01BC04;N05AC03
C01BC04;N07BC02
C01BC04;N02AC52
C01BC04;V04CN05
C01BC04;V70AA01
C01BC04;J01MA14
C01BC04;A04AA01
C01BC04;L01XA03
C01BC04;A03AD01
C01BC04;C04AX38
C01BC04;G04BE02
C01BC04;G04BE52
C01BC04;C04BA02
C01BC04;P01CX01
C01BC04;N05AG02
C01BC04;C10AX02
C01BC04;C01BA02
C01BC04;N01AX10
C01BC04;C01BA01
C01BC04;C01BA51
C01BC04;C01BA71
C01BC04;C08DA81
C01BC04;N01AB08
C01BC04;C07AA07
C01BC04;C07AA57
C01BC04;C07BA07
C01BC04;J01MA09
C01BC04;N05AL01
C01BC04;R06AX12
C01BC04;N05AC02
J02AC01;C01BD01
J02AC01;L01XX35
J02AC01;L01XX27
J02AC01;R06AX11
J02AC01;J01FA10
J02AC01;C08EA02
J02AC01;P01BA01
J02AC01;N05AA01
J02AC01;J01MA02
J02AC01;A03FA02
J02AC01;N06AB04
J02AC01;J01FA09
J02AC01;A02BD04
J02AC01;A02BD05
J02AC01;A02BD06
J02AC01;N01BC01
J02AC01;C01BA03
J02AC01;C01BD04
J02AC01;A03FA03
J02AC01;N06DA02
J02AC01;N01AX01
J02AC01;D10AF02
J02AC01;D10AF52
J02AC01;S01AA17
J02AC01;J01FA01
J02AC01;R05GB07
J02AC01;N06AB10
J02AC01;C01BC04
J02AC01;J02AC01
J02AC01;J01MA16
J02AC01;J01MA11
J02AC01;P01BX01
J02AC01;N05AD01
J02AC01;C01BD05
J02AC01;S01AX19
J02AC01;J01MA12
J02AC01;N05AA02
J02AC01;N07BC07
J02AC01;N05AC03
J02AC01;N07BC02
J02AC01;N02AC52
J02AC01;V04CN05
J02AC01;V70AA01
J02AC01;J01MA14
J02AC01;A04AA01
J02AC01;L01XA03
J02AC01;A03AD01
J02AC01;C04AX38
J02AC01;G04BE02
J02AC01;G04BE52
J02AC01;C04BA02
J02AC01;P01CX01
J02AC01;N05AG02
J02AC01;C10AX02
J02AC01;C01BA02
J02AC01;N01AX10
J02AC01;C01BA01
J02AC01;C01BA51
J02AC01;C01BA71
J02AC01;C08DA81
J02AC01;N01AB08
J02AC01;C07AA07
J02AC01;C07AA57
J02AC01;C07BA07
J02AC01;J01MA09
J02AC01;N05AL01
J02AC01;R06AX12
J02AC01;N05AC02
J01MA16;C01BD01
J01MA16;L01XX35
J01MA16;L01XX27
J01MA16;R06AX11
J01MA16;J01FA10
J01MA16;C08EA02
J01MA16;P01BA01
J01MA16;N05AA01
J01MA16;J01MA02
J01MA16;A03FA02
J01MA16;N06AB04
J01MA16;J01FA09
J01MA16;A02BD04
J01MA16;A02BD05
J01MA16;A02BD06
J01MA16;N01BC01
J01MA16;C01BA03
J01MA16;C01BD04
J01MA16;A03FA03
J01MA16;N06DA02
J01MA16;N01AX01
J01MA16;D10AF02
J01MA16;D10AF52
J01MA16;S01AA17
J01MA16;J01FA01
J01MA16;R05GB07
J01MA16;N06AB10
J01MA16;C01BC04
J01MA16;J02AC01
J01MA16;J01MA16
J01MA16;J01MA11
J01MA16;P01BX01
J01MA16;N05AD01
J01MA16;C01BD05
J01MA16;S01AX19
J01MA16;J01MA12
J01MA16;N05AA02
J01MA16;N07BC07
J01MA16;N05AC03
J01MA16;N07BC02
J01MA16;N02AC52
J01MA16;V04CN05
J01MA16;V70AA01
J01MA16;J01MA14
J01MA16;A04AA01
J01MA16;L01XA03
J01MA16;A03AD01
J01MA16;C04AX38
J01MA16;G04BE02
J01MA16;G04BE52
J01MA16;C04BA02
J01MA16;P01CX01
J01MA16;N05AG02
J01MA16;C10AX02
J01MA16;C01BA02
J01MA16;N01AX10
J01MA16;C01BA01
J01MA16;C01BA51
J01MA16;C01BA71
J01MA16;C08DA81
J01MA16;N01AB08
J01MA16;C07AA07
J01MA16;C07AA57
J01MA16;C07BA07
J01MA16;J01MA09
J01MA16;N05AL01
J01MA16;R06AX12
J01MA16;N05AC02
J01MA11;C01BD01
J01MA11;L01XX35
J01MA11;L01XX27
J01MA11;R06AX11
J01MA11;J01FA10
J01MA11;C08EA02
J01MA11;P01BA01
J01MA11;N05AA01
J01MA11;J01MA02
J01MA11;A03FA02
J01MA11;N06AB04
J01MA11;J01FA09
J01MA11;A02BD04
J01MA11;A02BD05
J01MA11;A02BD06
J01MA11;N01BC01
J01MA11;C01BA03
J01MA11;C01BD04
J01MA11;A03FA03
J01MA11;N06DA02
J01MA11;N01AX01
J01MA11;D10AF02
J01MA11;D10AF52
J01MA11;S01AA17
J01MA11;J01FA01
J01MA11;R05GB07
J01MA11;N06AB10
J01MA11;C01BC04
J01MA11;J02AC01
J01MA11;J01MA16
J01MA11;J01MA11
J01MA11;P01BX01
J01MA11;N05AD01
J01MA11;C01BD05
J01MA11;S01AX19
J01MA11;J01MA12
J01MA11;N05AA02
J01MA11;N07BC07
J01MA11;N05AC03
J01MA11;N07BC02
J01MA11;N02AC52
J01MA11;V04CN05
J01MA11;V70AA01
J01MA11;J01MA14
J01MA11;A04AA01
J01MA11;L01XA03
J01MA11;A03AD01
J01MA11;C04AX38
J01MA11;G04BE02
J01MA11;G04BE52
J01MA11;C04BA02
J01MA11;P01CX01
J01MA11;N05AG02
J01MA11;C10AX02
J01MA11;C01BA02
J01MA11;N01AX10
J01MA11;C01BA01
J01MA11;C01BA51
J01MA11;C01BA71
J01MA11;C08DA81
J01MA11;N01AB08
J01MA11;C07AA07
J01MA11;C07AA57
J01MA11;C07BA07
J01MA11;J01MA09
J01MA11;N05AL01
J01MA11;R06AX12
J01MA11;N05AC02
P01BX01;C01BD01
P01BX01;L01XX35
P01BX01;L01XX27
P01BX01;R06AX11
P01BX01;J01FA10
P01BX01;C08EA02
P01BX01;P01BA01
P01BX01;N05AA01
P01BX01;J01MA02
P01BX01;A03FA02
P01BX01;N06AB04
P01BX01;J01FA09
P01BX01;A02BD04
P01BX01;A02BD05
P01BX01;A02BD06
P01BX01;N01BC01
P01BX01;C01BA03
P01BX01;C01BD04
P01BX01;A03FA03
P01BX01;N06DA02
P01BX01;N01AX01
P01BX01;D10AF02
P01BX01;D10AF52
P01BX01;S01AA17
P01BX01;J01FA01
P01BX01;R05GB07
P01BX01;N06AB10
P01BX01;C01BC04
P01BX01;J02AC01
P01BX01;J01MA16
P01BX01;J01MA11
P01BX01;P01BX01
P01BX01;N05AD01
P01BX01;C01BD05
P01BX01;S01AX19
P01BX01;J01MA12
P01BX01;N05AA02
P01BX01;N07BC07
P01BX01;N05AC03
P01BX01;N07BC02
P01BX01;N02AC52
P01BX01;V04CN05
P01BX01;V70AA01
P01BX01;J01MA14
P01BX01;A04AA01
P01BX01;L01XA03
P01BX01;A03AD01
P01BX01;C04AX38
P01BX01;G04BE02
P01BX01;G04BE52
P01BX01;C04BA02
P01BX01;P01CX01
P01BX01;N05AG02
P01BX01;C10AX02
P01BX01;C01BA02
P01BX01;N01AX10
P01BX01;C01BA01
P01BX01;C01BA51
P01BX01;C01BA71
P01BX01;C08DA81
P01BX01;N01AB08
P01BX01;C07AA07
P01BX01;C07AA57
P01BX01;C07BA07
P01BX01;J01MA09
P01BX01;N05AL01
P01BX01;R06AX12
P01BX01;N05AC02
N05AD01;C01BD01
N05AD01;L01XX35
N05AD01;L01XX27
N05AD01;R06AX11
N05AD01;J01FA10
N05AD01;C08EA02
N05AD01;P01BA01
N05AD01;N05AA01
N05AD01;J01MA02
N05AD01;A03FA02
N05AD01;N06AB04
N05AD01;J01FA09
N05AD01;A02BD04
N05AD01;A02BD05
N05AD01;A02BD06
N05AD01;N01BC01
N05AD01;C01BA03
N05AD01;C01BD04
N05AD01;A03FA03
N05AD01;N06DA02
N05AD01;N01AX01
N05AD01;D10AF02
N05AD01;D10AF52
N05AD01;S01AA17
N05AD01;J01FA01
N05AD01;R05GB07
N05AD01;N06AB10
N05AD01;C01BC04
N05AD01;J02AC01
N05AD01;J01MA16
N05AD01;J01MA11
N05AD01;P01BX01
N05AD01;N05AD01
N05AD01;C01BD05
N05AD01;S01AX19
N05AD01;J01MA12
N05AD01;N05AA02
N05AD01;N07BC07
N05AD01;N05AC03
N05AD01;N07BC02
N05AD01;N02AC52
N05AD01;V04CN05
N05AD01;V70AA01
N05AD01;J01MA14
N05AD01;A04AA01
N05AD01;L01XA03
N05AD01;A03AD01
N05AD01;C04AX38
N05AD01;G04BE02
N05AD01;G04BE52
N05AD01;C04BA02
N05AD01;P01CX01
N05AD01;N05AG02
N05AD01;C10AX02
N05AD01;C01BA02
N05AD01;N01AX10
N05AD01;C01BA01
N05AD01;C01BA51
N05AD01;C01BA71
N05AD01;C08DA81
N05AD01;N01AB08
N05AD01;C07AA07
N05AD01;C07AA57
N05AD01;C07BA07
N05AD01;J01MA09
N05AD01;N05AL01
N05AD01;R06AX12
N05AD01;N05AC02
C01BD05;C01BD01
C01BD05;L01XX35
C01BD05;L01XX27
C01BD05;R06AX11
C01BD05;J01FA10
C01BD05;C08EA02
C01BD05;P01BA01
C01BD05;N05AA01
C01BD05;J01MA02
C01BD05;A03FA02
C01BD05;N06AB04
C01BD05;J01FA09
C01BD05;A02BD04
C01BD05;A02BD05
C01BD05;A02BD06
C01BD05;N01BC01
C01BD05;C01BA03
C01BD05;C01BD04
C01BD05;A03FA03
C01BD05;N06DA02
C01BD05;N01AX01
C01BD05;D10AF02
C01BD05;D10AF52
C01BD05;S01AA17
C01BD05;J01FA01
C01BD05;R05GB07
C01BD05;N06AB10
C01BD05;C01BC04
C01BD05;J02AC01
C01BD05;J01MA16
C01BD05;J01MA11
C01BD05;P01BX01
C01BD05;N05AD01
C01BD05;C01BD05
C01BD05;S01AX19
C01BD05;J01MA12
C01BD05;N05AA02
C01BD05;N07BC07
C01BD05;N05AC03
C01BD05;N07BC02
C01BD05;N02AC52
C01BD05;V04CN05
C01BD05;V70AA01
C01BD05;J01MA14
C01BD05;A04AA01
C01BD05;L01XA03
C01BD05;A03AD01
C01BD05;C04AX38
C01BD05;G04BE02
C01BD05;G04BE52
C01BD05;C04BA02
C01BD05;P01CX01
C01BD05;N05AG02
C01BD05;C10AX02
C01BD05;C01BA02
C01BD05;N01AX10
C01BD05;C01BA01
C01BD05;C01BA51
C01BD05;C01BA71
C01BD05;C08DA81
C01BD05;N01AB08
C01BD05;C07AA07
C01BD05;C07AA57
C01BD05;C07BA07
C01BD05;J01MA09
C01BD05;N05AL01
C01BD05;R06AX12
C01BD05;N05AC02
S01AX19;C01BD01
J01MA12;C01BD01
S01AX19;L01XX35
J01MA12;L01XX35
S01AX19;L01XX27
J01MA12;L01XX27
S01AX19;R06AX11
J01MA12;R06AX11
S01AX19;J01FA10
J01MA12;J01FA10
S01AX19;C08EA02
J01MA12;C08EA02
S01AX19;P01BA01
J01MA12;P01BA01
S01AX19;N05AA01
J01MA12;N05AA01
S01AX19;J01MA02
J01MA12;J01MA02
S01AX19;A03FA02
J01MA12;A03FA02
S01AX19;N06AB04
J01MA12;N06AB04
S01AX19;J01FA09
S01AX19;A02BD04
S01AX19;A02BD05
S01AX19;A02BD06
J01MA12;J01FA09
J01MA12;A02BD04
J01MA12;A02BD05
J01MA12;A02BD06
S01AX19;N01BC01
J01MA12;N01BC01
S01AX19;C01BA03
J01MA12;C01BA03
S01AX19;C01BD04
J01MA12;C01BD04
S01AX19;A03FA03
J01MA12;A03FA03
S01AX19;N06DA02
J01MA12;N06DA02
S01AX19;N01AX01
J01MA12;N01AX01
S01AX19;D10AF02
S01AX19;D10AF52
S01AX19;S01AA17
S01AX19;J01FA01
S01AX19;R05GB07
J01MA12;D10AF02
J01MA12;D10AF52
J01MA12;S01AA17
J01MA12;J01FA01
J01MA12;R05GB07
S01AX19;N06AB10
J01MA12;N06AB10
S01AX19;C01BC04
J01MA12;C01BC04
S01AX19;J02AC01
J01MA12;J02AC01
S01AX19;J01MA16
J01MA12;J01MA16
S01AX19;J01MA11
J01MA12;J01MA11
S01AX19;P01BX01
J01MA12;P01BX01
S01AX19;N05AD01
J01MA12;N05AD01
S01AX19;C01BD05
J01MA12;C01BD05
S01AX19;S01AX19
S01AX19;J01MA12
J01MA12;S01AX19
J01MA12;J01MA12
S01AX19;N05AA02
J01MA12;N05AA02
S01AX19;N07BC07
J01MA12;N07BC07
S01AX19;N05AC03
J01MA12;N05AC03
S01AX19;N07BC02
S01AX19;N02AC52
S01AX19;V04CN05
S01AX19;V70AA01
J01MA12;N07BC02
J01MA12;N02AC52
J01MA12;V04CN05
J01MA12;V70AA01
S01AX19;J01MA14
J01MA12;J01MA14
S01AX19;A04AA01
J01MA12;A04AA01
S01AX19;L01XA03
J01MA12;L01XA03
S01AX19;A03AD01
S01AX19;C04AX38
S01AX19;G04BE02
S01AX19;G04BE52
S01AX19;C04BA02
J01MA12;A03AD01
J01MA12;C04AX38
J01MA12;G04BE02
J01MA12;G04BE52
J01MA12;C04BA02
S01AX19;P01CX01
J01MA12;P01CX01
S01AX19;N05AG02
J01MA12;N05AG02
S01AX19;C10AX02
J01MA12;C10AX02
S01AX19;C01BA02
J01MA12;C01BA02
S01AX19;N01AX10
J01MA12;N01AX10
S01AX19;C01BA01
S01AX19;C01BA51
S01AX19;C01BA71
S01AX19;C08DA81
J01MA12;C01BA01
J01MA12;C01BA51
J01MA12;C01BA71
J01MA12;C08DA81
S01AX19;N01AB08
J01MA12;N01AB08
S01AX19;C07AA07
S01AX19;C07AA57
S01AX19;C07BA07
J01MA12;C07AA07
J01MA12;C07AA57
J01MA12;C07BA07
S01AX19;J01MA09
J01MA12;J01MA09
S01AX19;N05AL01
J01MA12;N05AL01
S01AX19;R06AX12
J01MA12;R06AX12
S01AX19;N05AC02
J01MA12;N05AC02
N05AA02;C01BD01
N05AA02;L01XX35
N05AA02;L01XX27
N05AA02;R06AX11
N05AA02;J01FA10
N05AA02;C08EA02
N05AA02;P01BA01
N05AA02;N05AA01
N05AA02;J01MA02
N05AA02;A03FA02
N05AA02;N06AB04
N05AA02;J01FA09
N05AA02;A02BD04
N05AA02;A02BD05
N05AA02;A02BD06
N05AA02;N01BC01
N05AA02;C01BA03
N05AA02;C01BD04
N05AA02;A03FA03
N05AA02;N06DA02
N05AA02;N01AX01
N05AA02;D10AF02
N05AA02;D10AF52
N05AA02;S01AA17
N05AA02;J01FA01
N05AA02;R05GB07
N05AA02;N06AB10
N05AA02;C01BC04
N05AA02;J02AC01
N05AA02;J01MA16
N05AA02;J01MA11
N05AA02;P01BX01
N05AA02;N05AD01
N05AA02;C01BD05
N05AA02;S01AX19
N05AA02;J01MA12
N05AA02;N05AA02
N05AA02;N07BC07
N05AA02;N05AC03
N05AA02;N07BC02
N05AA02;N02AC52
N05AA02;V04CN05
N05AA02;V70AA01
N05AA02;J01MA14
N05AA02;A04AA01
N05AA02;L01XA03
N05AA02;A03AD01
N05AA02;C04AX38
N05AA02;G04BE02
N05AA02;G04BE52
N05AA02;C04BA02
N05AA02;P01CX01
N05AA02;N05AG02
N05AA02;C10AX02
N05AA02;C01BA02
N05AA02;N01AX10
N05AA02;C01BA01
N05AA02;C01BA51
N05AA02;C01BA71
N05AA02;C08DA81
N05AA02;N01AB08
N05AA02;C07AA07
N05AA02;C07AA57
N05AA02;C07BA07
N05AA02;J01MA09
N05AA02;N05AL01
N05AA02;R06AX12
N05AA02;N05AC02
N07BC07;C01BD01
N07BC07;L01XX35
N07BC07;L01XX27
N07BC07;R06AX11
N07BC07;J01FA10
N07BC07;C08EA02
N07BC07;P01BA01
N07BC07;N05AA01
N07BC07;J01MA02
N07BC07;A03FA02
N07BC07;N06AB04
N07BC07;J01FA09
N07BC07;A02BD04
N07BC07;A02BD05
N07BC07;A02BD06
N07BC07;N01BC01
N07BC07;C01BA03
N07BC07;C01BD04
N07BC07;A03FA03
N07BC07;N06DA02
N07BC07;N01AX01
N07BC07;D10AF02
N07BC07;D10AF52
N07BC07;S01AA17
N07BC07;J01FA01
N07BC07;R05GB07
N07BC07;N06AB10
N07BC07;C01BC04
N07BC07;J02AC01
N07BC07;J01MA16
N07BC07;J01MA11
N07BC07;P01BX01
N07BC07;N05AD01
N07BC07;C01BD05
N07BC07;S01AX19
N07BC07;J01MA12
N07BC07;N05AA02
N07BC07;N07BC07
N07BC07;N05AC03
N07BC07;N07BC02
N07BC07;N02AC52
N07BC07;V04CN05
N07BC07;V70AA01
N07BC07;J01MA14
N07BC07;A04AA01
N07BC07;L01XA03
N07BC07;A03AD01
N07BC07;C04AX38
N07BC07;G04BE02
N07BC07;G04BE52
N07BC07;C04BA02
N07BC07;P01CX01
N07BC07;N05AG02
N07BC07;C10AX02
N07BC07;C01BA02
N07BC07;N01AX10
N07BC07;C01BA01
N07BC07;C01BA51
N07BC07;C01BA71
N07BC07;C08DA81
N07BC07;N01AB08
N07BC07;C07AA07
N07BC07;C07AA57
N07BC07;C07BA07
N07BC07;J01MA09
N07BC07;N05AL01
N07BC07;R06AX12
N07BC07;N05AC02
N05AC03;C01BD01
N05AC03;L01XX35
N05AC03;L01XX27
N05AC03;R06AX11
N05AC03;J01FA10
N05AC03;C08EA02
N05AC03;P01BA01
N05AC03;N05AA01
N05AC03;J01MA02
N05AC03;A03FA02
N05AC03;N06AB04
N05AC03;J01FA09
N05AC03;A02BD04
N05AC03;A02BD05
N05AC03;A02BD06
N05AC03;N01BC01
N05AC03;C01BA03
N05AC03;C01BD04
N05AC03;A03FA03
N05AC03;N06DA02
N05AC03;N01AX01
N05AC03;D10AF02
N05AC03;D10AF52
N05AC03;S01AA17
N05AC03;J01FA01
N05AC03;R05GB07
N05AC03;N06AB10
N05AC03;C01BC04
N05AC03;J02AC01
N05AC03;J01MA16
N05AC03;J01MA11
N05AC03;P01BX01
N05AC03;N05AD01
N05AC03;C01BD05
N05AC03;S01AX19
N05AC03;J01MA12
N05AC03;N05AA02
N05AC03;N07BC07
N05AC03;N05AC03
N05AC03;N07BC02
N05AC03;N02AC52
N05AC03;V04CN05
N05AC03;V70AA01
N05AC03;J01MA14
N05AC03;A04AA01
N05AC03;L01XA03
N05AC03;A03AD01
N05AC03;C04AX38
N05AC03;G04BE02
N05AC03;G04BE52
N05AC03;C04BA02
N05AC03;P01CX01
N05AC03;N05AG02
N05AC03;C10AX02
N05AC03;C01BA02
N05AC03;N01AX10
N05AC03;C01BA01
N05AC03;C01BA51
N05AC03;C01BA71
N05AC03;C08DA81
N05AC03;N01AB08
N05AC03;C07AA07
N05AC03;C07AA57
N05AC03;C07BA07
N05AC03;J01MA09
N05AC03;N05AL01
N05AC03;R06AX12
N05AC03;N05AC02
N07BC02;C01BD01
N02AC52;C01BD01
V04CN05;C01BD01
V70AA01;C01BD01
N07BC02;L01XX35
N02AC52;L01XX35
V04CN05;L01XX35
V70AA01;L01XX35
N07BC02;L01XX27
N02AC52;L01XX27
V04CN05;L01XX27
V70AA01;L01XX27
N07BC02;R06AX11
N02AC52;R06AX11
V04CN05;R06AX11
V70AA01;R06AX11
N07BC02;J01FA10
N02AC52;J01FA10
V04CN05;J01FA10
V70AA01;J01FA10
N07BC02;C08EA02
N02AC52;C08EA02
V04CN05;C08EA02
V70AA01;C08EA02
N07BC02;P01BA01
N02AC52;P01BA01
V04CN05;P01BA01
V70AA01;P01BA01
N07BC02;N05AA01
N02AC52;N05AA01
V04CN05;N05AA01
V70AA01;N05AA01
N07BC02;J01MA02
N02AC52;J01MA02
V04CN05;J01MA02
V70AA01;J01MA02
N07BC02;A03FA02
N02AC52;A03FA02
V04CN05;A03FA02
V70AA01;A03FA02
N07BC02;N06AB04
N02AC52;N06AB04
V04CN05;N06AB04
V70AA01;N06AB04
N07BC02;J01FA09
N07BC02;A02BD04
N07BC02;A02BD05
N07BC02;A02BD06
N02AC52;J01FA09
N02AC52;A02BD04
N02AC52;A02BD05
N02AC52;A02BD06
V04CN05;J01FA09
V04CN05;A02BD04
V04CN05;A02BD05
V04CN05;A02BD06
V70AA01;J01FA09
V70AA01;A02BD04
V70AA01;A02BD05
V70AA01;A02BD06
N07BC02;N01BC01
N02AC52;N01BC01
V04CN05;N01BC01
V70AA01;N01BC01
N07BC02;C01BA03
N02AC52;C01BA03
V04CN05;C01BA03
V70AA01;C01BA03
N07BC02;C01BD04
N02AC52;C01BD04
V04CN05;C01BD04
V70AA01;C01BD04
N07BC02;A03FA03
N02AC52;A03FA03
V04CN05;A03FA03
V70AA01;A03FA03
N07BC02;N06DA02
N02AC52;N06DA02
V04CN05;N06DA02
V70AA01;N06DA02
N07BC02;N01AX01
N02AC52;N01AX01
V04CN05;N01AX01
V70AA01;N01AX01
N07BC02;D10AF02
N07BC02;D10AF52
N07BC02;S01AA17
N07BC02;J01FA01
N07BC02;R05GB07
N02AC52;D10AF02
N02AC52;D10AF52
N02AC52;S01AA17
N02AC52;J01FA01
N02AC52;R05GB07
V04CN05;D10AF02
V04CN05;D10AF52
V04CN05;S01AA17
V04CN05;J01FA01
V04CN05;R05GB07
V70AA01;D10AF02
V70AA01;D10AF52
V70AA01;S01AA17
V70AA01;J01FA01
V70AA01;R05GB07
N07BC02;N06AB10
N02AC52;N06AB10
V04CN05;N06AB10
V70AA01;N06AB10
N07BC02;C01BC04
N02AC52;C01BC04
V04CN05;C01BC04
V70AA01;C01BC04
N07BC02;J02AC01
N02AC52;J02AC01
V04CN05;J02AC01
V70AA01;J02AC01
N07BC02;J01MA16
N02AC52;J01MA16
V04CN05;J01MA16
V70AA01;J01MA16
N07BC02;J01MA11
N02AC52;J01MA11
V04CN05;J01MA11
V70AA01;J01MA11
N07BC02;P01BX01
N02AC52;P01BX01
V04CN05;P01BX01
V70AA01;P01BX01
N07BC02;N05AD01
N02AC52;N05AD01
V04CN05;N05AD01
V70AA01;N05AD01
N07BC02;C01BD05
N02AC52;C01BD05
V04CN05;C01BD05
V70AA01;C01BD05
N07BC02;S01AX19
N07BC02;J01MA12
N02AC52;S01AX19
N02AC52;J01MA12
V04CN05;S01AX19
V04CN05;J01MA12
V70AA01;S01AX19
V70AA01;J01MA12
N07BC02;N05AA02
N02AC52;N05AA02
V04CN05;N05AA02
V70AA01;N05AA02
N07BC02;N07BC07
N02AC52;N07BC07
V04CN05;N07BC07
V70AA01;N07BC07
N07BC02;N05AC03
N02AC52;N05AC03
V04CN05;N05AC03
V70AA01;N05AC03
N07BC02;N07BC02
N07BC02;N02AC52
N07BC02;V04CN05
N07BC02;V70AA01
N02AC52;N07BC02
N02AC52;N02AC52
N02AC52;V04CN05
N02AC52;V70AA01
V04CN05;N07BC02
V04CN05;N02AC52
V04CN05;V04CN05
V04CN05;V70AA01
V70AA01;N07BC02
V70AA01;N02AC52
V70AA01;V04CN05
V70AA01;V70AA01
N07BC02;J01MA14
N02AC52;J01MA14
V04CN05;J01MA14
V70AA01;J01MA14
N07BC02;A04AA01
N02AC52;A04AA01
V04CN05;A04AA01
V70AA01;A04AA01
N07BC02;L01XA03
N02AC52;L01XA03
V04CN05;L01XA03
V70AA01;L01XA03
N07BC02;A03AD01
N07BC02;C04AX38
N07BC02;G04BE02
N07BC02;G04BE52
N07BC02;C04BA02
N02AC52;A03AD01
N02AC52;C04AX38
N02AC52;G04BE02
N02AC52;G04BE52
N02AC52;C04BA02
V04CN05;A03AD01
V04CN05;C04AX38
V04CN05;G04BE02
V04CN05;G04BE52
V04CN05;C04BA02
V70AA01;A03AD01
V70AA01;C04AX38
V70AA01;G04BE02
V70AA01;G04BE52
V70AA01;C04BA02
N07BC02;P01CX01
N02AC52;P01CX01
V04CN05;P01CX01
V70AA01;P01CX01
N07BC02;N05AG02
N02AC52;N05AG02
V04CN05;N05AG02
V70AA01;N05AG02
N07BC02;C10AX02
N02AC52;C10AX02
V04CN05;C10AX02
V70AA01;C10AX02
N07BC02;C01BA02
N02AC52;C01BA02
V04CN05;C01BA02
V70AA01;C01BA02
N07BC02;N01AX10
N02AC52;N01AX10
V04CN05;N01AX10
V70AA01;N01AX10
N07BC02;C01BA01
N07BC02;C01BA51
N07BC02;C01BA71
N07BC02;C08DA81
N02AC52;C01BA01
N02AC52;C01BA51
N02AC52;C01BA71
N02AC52;C08DA81
V04CN05;C01BA01
V04CN05;C01BA51
V04CN05;C01BA71
V04CN05;C08DA81
V70AA01;C01BA01
V70AA01;C01BA51
V70AA01;C01BA71
V70AA01;C08DA81
N07BC02;N01AB08
N02AC52;N01AB08
V04CN05;N01AB08
V70AA01;N01AB08
N07BC02;C07AA07
N07BC02;C07AA57
N07BC02;C07BA07
N02AC52;C07AA07
N02AC52;C07AA57
N02AC52;C07BA07
V04CN05;C07AA07
V04CN05;C07AA57
V04CN05;C07BA07
V70AA01;C07AA07
V70AA01;C07AA57
V70AA01;C07BA07
N07BC02;J01MA09
N02AC52;J01MA09
V04CN05;J01MA09
V70AA01;J01MA09
N07BC02;N05AL01
N02AC52;N05AL01
V04CN05;N05AL01
V70AA01;N05AL01
N07BC02;R06AX12
N02AC52;R06AX12
V04CN05;R06AX12
V70AA01;R06AX12
N07BC02;N05AC02
N02AC52;N05AC02
V04CN05;N05AC02
V70AA01;N05AC02
J01MA14;C01BD01
J01MA14;L01XX35
J01MA14;L01XX27
J01MA14;R06AX11
J01MA14;J01FA10
J01MA14;C08EA02
J01MA14;P01BA01
J01MA14;N05AA01
J01MA14;J01MA02
J01MA14;A03FA02
J01MA14;N06AB04
J01MA14;J01FA09
J01MA14;A02BD04
J01MA14;A02BD05
J01MA14;A02BD06
J01MA14;N01BC01
J01MA14;C01BA03
J01MA14;C01BD04
J01MA14;A03FA03
J01MA14;N06DA02
J01MA14;N01AX01
J01MA14;D10AF02
J01MA14;D10AF52
J01MA14;S01AA17
J01MA14;J01FA01
J01MA14;R05GB07
J01MA14;N06AB10
J01MA14;C01BC04
J01MA14;J02AC01
J01MA14;J01MA16
J01MA14;J01MA11
J01MA14;P01BX01
J01MA14;N05AD01
J01MA14;C01BD05
J01MA14;S01AX19
J01MA14;J01MA12
J01MA14;N05AA02
J01MA14;N07BC07
J01MA14;N05AC03
J01MA14;N07BC02
J01MA14;N02AC52
J01MA14;V04CN05
J01MA14;V70AA01
J01MA14;J01MA14
J01MA14;A04AA01
J01MA14;L01XA03
J01MA14;A03AD01
J01MA14;C04AX38
J01MA14;G04BE02
J01MA14;G04BE52
J01MA14;C04BA02
J01MA14;P01CX01
J01MA14;N05AG02
J01MA14;C10AX02
J01MA14;C01BA02
J01MA14;N01AX10
J01MA14;C01BA01
J01MA14;C01BA51
J01MA14;C01BA71
J01MA14;C08DA81
J01MA14;N01AB08
J01MA14;C07AA07
J01MA14;C07AA57
J01MA14;C07BA07
J01MA14;J01MA09
J01MA14;N05AL01
J01MA14;R06AX12
J01MA14;N05AC02
A04AA01;C01BD01
A04AA01;L01XX35
A04AA01;L01XX27
A04AA01;R06AX11
A04AA01;J01FA10
A04AA01;C08EA02
A04AA01;P01BA01
A04AA01;N05AA01
A04AA01;J01MA02
A04AA01;A03FA02
A04AA01;N06AB04
A04AA01;J01FA09
A04AA01;A02BD04
A04AA01;A02BD05
A04AA01;A02BD06
A04AA01;N01BC01
A04AA01;C01BA03
A04AA01;C01BD04
A04AA01;A03FA03
A04AA01;N06DA02
A04AA01;N01AX01
A04AA01;D10AF02
A04AA01;D10AF52
A04AA01;S01AA17
A04AA01;J01FA01
A04AA01;R05GB07
A04AA01;N06AB10
A04AA01;C01BC04
A04AA01;J02AC01
A04AA01;J01MA16
A04AA01;J01MA11
A04AA01;P01BX01
A04AA01;N05AD01
A04AA01;C01BD05
A04AA01;S01AX19
A04AA01;J01MA12
A04AA01;N05AA02
A04AA01;N07BC07
A04AA01;N05AC03
A04AA01;N07BC02
A04AA01;N02AC52
A04AA01;V04CN05
A04AA01;V70AA01
A04AA01;J01MA14
A04AA01;A04AA01
A04AA01;L01XA03
A04AA01;A03AD01
A04AA01;C04AX38
A04AA01;G04BE02
A04AA01;G04BE52
A04AA01;C04BA02
A04AA01;P01CX01
A04AA01;N05AG02
A04AA01;C10AX02
A04AA01;C01BA02
A04AA01;N01AX10
A04AA01;C01BA01
A04AA01;C01BA51
A04AA01;C01BA71
A04AA01;C08DA81
A04AA01;N01AB08
A04AA01;C07AA07
A04AA01;C07AA57
A04AA01;C07BA07
A04AA01;J01MA09
A04AA01;N05AL01
A04AA01;R06AX12
A04AA01;N05AC02
L01XA03;C01BD01
L01XA03;L01XX35
L01XA03;L01XX27
L01XA03;R06AX11
L01XA03;J01FA10
L01XA03;C08EA02
L01XA03;P01BA01
L01XA03;N05AA01
L01XA03;J01MA02
L01XA03;A03FA02
L01XA03;N06AB04
L01XA03;J01FA09
L01XA03;A02BD04
L01XA03;A02BD05
L01XA03;A02BD06
L01XA03;N01BC01
L01XA03;C01BA03
L01XA03;C01BD04
L01XA03;A03FA03
L01XA03;N06DA02
L01XA03;N01AX01
L01XA03;D10AF02
L01XA03;D10AF52
L01XA03;S01AA17
L01XA03;J01FA01
L01XA03;R05GB07
L01XA03;N06AB10
L01XA03;C01BC04
L01XA03;J02AC01
L01XA03;J01MA16
L01XA03;J01MA11
L01XA03;P01BX01
L01XA03;N05AD01
L01XA03;C01BD05
L01XA03;S01AX19
L01XA03;J01MA12
L01XA03;N05AA02
L01XA03;N07BC07
L01XA03;N05AC03
L01XA03;N07BC02
L01XA03;N02AC52
L01XA03;V04CN05
L01XA03;V70AA01
L01XA03;J01MA14
L01XA03;A04AA01
L01XA03;L01XA03
L01XA03;A03AD01
L01XA03;C04AX38
L01XA03;G04BE02
L01XA03;G04BE52
L01XA03;C04BA02
L01XA03;P01CX01
L01XA03;N05AG02
L01XA03;C10AX02
L01XA03;C01BA02
L01XA03;N01AX10
L01XA03;C01BA01
L01XA03;C01BA51
L01XA03;C01BA71
L01XA03;C08DA81
L01XA03;N01AB08
L01XA03;C07AA07
L01XA03;C07AA57
L01XA03;C07BA07
L01XA03;J01MA09
L01XA03;N05AL01
L01XA03;R06AX12
L01XA03;N05AC02
A03AD01;C01BD01
C04AX38;C01BD01
G04BE02;C01BD01
G04BE52;C01BD01
C04BA02;C01BD01
A03AD01;L01XX35
C04AX38;L01XX35
G04BE02;L01XX35
G04BE52;L01XX35
C04BA02;L01XX35
A03AD01;L01XX27
C04AX38;L01XX27
G04BE02;L01XX27
G04BE52;L01XX27
C04BA02;L01XX27
A03AD01;R06AX11
C04AX38;R06AX11
G04BE02;R06AX11
G04BE52;R06AX11
C04BA02;R06AX11
A03AD01;J01FA10
C04AX38;J01FA10
G04BE02;J01FA10
G04BE52;J01FA10
C04BA02;J01FA10
A03AD01;C08EA02
C04AX38;C08EA02
G04BE02;C08EA02
G04BE52;C08EA02
C04BA02;C08EA02
A03AD01;P01BA01
C04AX38;P01BA01
G04BE02;P01BA01
G04BE52;P01BA01
C04BA02;P01BA01
A03AD01;N05AA01
C04AX38;N05AA01
G04BE02;N05AA01
G04BE52;N05AA01
C04BA02;N05AA01
A03AD01;J01MA02
C04AX38;J01MA02
G04BE02;J01MA02
G04BE52;J01MA02
C04BA02;J01MA02
A03AD01;A03FA02
C04AX38;A03FA02
G04BE02;A03FA02
G04BE52;A03FA02
C04BA02;A03FA02
A03AD01;N06AB04
C04AX38;N06AB04
G04BE02;N06AB04
G04BE52;N06AB04
C04BA02;N06AB04
A03AD01;J01FA09
A03AD01;A02BD04
A03AD01;A02BD05
A03AD01;A02BD06
C04AX38;J01FA09
C04AX38;A02BD04
C04AX38;A02BD05
C04AX38;A02BD06
G04BE02;J01FA09
G04BE02;A02BD04
G04BE02;A02BD05
G04BE02;A02BD06
G04BE52;J01FA09
G04BE52;A02BD04
G04BE52;A02BD05
G04BE52;A02BD06
C04BA02;J01FA09
C04BA02;A02BD04
C04BA02;A02BD05
C04BA02;A02BD06
A03AD01;N01BC01
C04AX38;N01BC01
G04BE02;N01BC01
G04BE52;N01BC01
C04BA02;N01BC01
A03AD01;C01BA03
C04AX38;C01BA03
G04BE02;C01BA03
G04BE52;C01BA03
C04BA02;C01BA03
A03AD01;C01BD04
C04AX38;C01BD04
G04BE02;C01BD04
G04BE52;C01BD04
C04BA02;C01BD04
A03AD01;A03FA03
C04AX38;A03FA03
G04BE02;A03FA03
G04BE52;A03FA03
C04BA02;A03FA03
A03AD01;N06DA02
C04AX38;N06DA02
G04BE02;N06DA02
G04BE52;N06DA02
C04BA02;N06DA02
A03AD01;N01AX01
C04AX38;N01AX01
G04BE02;N01AX01
G04BE52;N01AX01
C04BA02;N01AX01
A03AD01;D10AF02
A03AD01;D10AF52
A03AD01;S01AA17
A03AD01;J01FA01
A03AD01;R05GB07
C04AX38;D10AF02
C04AX38;D10AF52
C04AX38;S01AA17
C04AX38;J01FA01
C04AX38;R05GB07
G04BE02;D10AF02
G04BE02;D10AF52
G04BE02;S01AA17
G04BE02;J01FA01
G04BE02;R05GB07
G04BE52;D10AF02
G04BE52;D10AF52
G04BE52;S01AA17
G04BE52;J01FA01
G04BE52;R05GB07
C04BA02;D10AF02
C04BA02;D10AF52
C04BA02;S01AA17
C04BA02;J01FA01
C04BA02;R05GB07
A03AD01;N06AB10
C04AX38;N06AB10
G04BE02;N06AB10
G04BE52;N06AB10
C04BA02;N06AB10
A03AD01;C01BC04
C04AX38;C01BC04
G04BE02;C01BC04
G04BE52;C01BC04
C04BA02;C01BC04
A03AD01;J02AC01
C04AX38;J02AC01
G04BE02;J02AC01
G04BE52;J02AC01
C04BA02;J02AC01
A03AD01;J01MA16
C04AX38;J01MA16
G04BE02;J01MA16
G04BE52;J01MA16
C04BA02;J01MA16
A03AD01;J01MA11
C04AX38;J01MA11
G04BE02;J01MA11
G04BE52;J01MA11
C04BA02;J01MA11
A03AD01;P01BX01
C04AX38;P01BX01
G04BE02;P01BX01
G04BE52;P01BX01
C04BA02;P01BX01
A03AD01;N05AD01
C04AX38;N05AD01
G04BE02;N05AD01
G04BE52;N05AD01
C04BA02;N05AD01
A03AD01;C01BD05
C04AX38;C01BD05
G04BE02;C01BD05
G04BE52;C01BD05
C04BA02;C01BD05
A03AD01;S01AX19
A03AD01;J01MA12
C04AX38;S01AX19
C04AX38;J01MA12
G04BE02;S01AX19
G04BE02;J01MA12
G04BE52;S01AX19
G04BE52;J01MA12
C04BA02;S01AX19
C04BA02;J01MA12
A03AD01;N05AA02
C04AX38;N05AA02
G04BE02;N05AA02
G04BE52;N05AA02
C04BA02;N05AA02
A03AD01;N07BC07
C04AX38;N07BC07
G04BE02;N07BC07
G04BE52;N07BC07
C04BA02;N07BC07
A03AD01;N05AC03
C04AX38;N05AC03
G04BE02;N05AC03
G04BE52;N05AC03
C04BA02;N05AC03
A03AD01;N07BC02
A03AD01;N02AC52
A03AD01;V04CN05
A03AD01;V70AA01
C04AX38;N07BC02
C04AX38;N02AC52
C04AX38;V04CN05
C04AX38;V70AA01
G04BE02;N07BC02
G04BE02;N02AC52
G04BE02;V04CN05
G04BE02;V70AA01
G04BE52;N07BC02
G04BE52;N02AC52
G04BE52;V04CN05
G04BE52;V70AA01
C04BA02;N07BC02
C04BA02;N02AC52
C04BA02;V04CN05
C04BA02;V70AA01
A03AD01;J01MA14
C04AX38;J01MA14
G04BE02;J01MA14
G04BE52;J01MA14
C04BA02;J01MA14
A03AD01;A04AA01
C04AX38;A04AA01
G04BE02;A04AA01
G04BE52;A04AA01
C04BA02;A04AA01
A03AD01;L01XA03
C04AX38;L01XA03
G04BE02;L01XA03
G04BE52;L01XA03
C04BA02;L01XA03
A03AD01;A03AD01
A03AD01;C04AX38
A03AD01;G04BE02
A03AD01;G04BE52
A03AD01;C04BA02
C04AX38;A03AD01
C04AX38;C04AX38
C04AX38;G04BE02
C04AX38;G04BE52
C04AX38;C04BA02
G04BE02;A03AD01
G04BE02;C04AX38
G04BE02;G04BE02
G04BE02;G04BE52
G04BE02;C04BA02
G04BE52;A03AD01
G04BE52;C04AX38
G04BE52;G04BE02
G04BE52;G04BE52
G04BE52;C04BA02
C04BA02;A03AD01
C04BA02;C04AX38
C04BA02;G04BE02
C04BA02;G04BE52
C04BA02;C04BA02
A03AD01;P01CX01
C04AX38;P01CX01
G04BE02;P01CX01
G04BE52;P01CX01
C04BA02;P01CX01
A03AD01;N05AG02
C04AX38;N05AG02
G04BE02;N05AG02
G04BE52;N05AG02
C04BA02;N05AG02
A03AD01;C10AX02
C04AX38;C10AX02
G04BE02;C10AX02
G04BE52;C10AX02
C04BA02;C10AX02
A03AD01;C01BA02
C04AX38;C01BA02
G04BE02;C01BA02
G04BE52;C01BA02
C04BA02;C01BA02
A03AD01;N01AX10
C04AX38;N01AX10
G04BE02;N01AX10
G04BE52;N01AX10
C04BA02;N01AX10
A03AD01;C01BA01
A03AD01;C01BA51
A03AD01;C01BA71
A03AD01;C08DA81
C04AX38;C01BA01
C04AX38;C01BA51
C04AX38;C01BA71
C04AX38;C08DA81
G04BE02;C01BA01
G04BE02;C01BA51
G04BE02;C01BA71
G04BE02;C08DA81
G04BE52;C01BA01
G04BE52;C01BA51
G04BE52;C01BA71
G04BE52;C08DA81
C04BA02;C01BA01
C04BA02;C01BA51
C04BA02;C01BA71
C04BA02;C08DA81
A03AD01;N01AB08
C04AX38;N01AB08
G04BE02;N01AB08
G04BE52;N01AB08
C04BA02;N01AB08
A03AD01;C07AA07
A03AD01;C07AA57
A03AD01;C07BA07
C04AX38;C07AA07
C04AX38;C07AA57
C04AX38;C07BA07
G04BE02;C07AA07
G04BE02;C07AA57
G04BE02;C07BA07
G04BE52;C07AA07
G04BE52;C07AA57
G04BE52;C07BA07
C04BA02;C07AA07
C04BA02;C07AA57
C04BA02;C07BA07
A03AD01;J01MA09
C04AX38;J01MA09
G04BE02;J01MA09
G04BE52;J01MA09
C04BA02;J01MA09
A03AD01;N05AL01
C04AX38;N05AL01
G04BE02;N05AL01
G04BE52;N05AL01
C04BA02;N05AL01
A03AD01;R06AX12
C04AX38;R06AX12
G04BE02;R06AX12
G04BE52;R06AX12
C04BA02;R06AX12
A03AD01;N05AC02
C04AX38;N05AC02
G04BE02;N05AC02
G04BE52;N05AC02
C04BA02;N05AC02
P01CX01;C01BD01
P01CX01;L01XX35
P01CX01;L01XX27
P01CX01;R06AX11
P01CX01;J01FA10
P01CX01;C08EA02
P01CX01;P01BA01
P01CX01;N05AA01
P01CX01;J01MA02
P01CX01;A03FA02
P01CX01;N06AB04
P01CX01;J01FA09
P01CX01;A02BD04
P01CX01;A02BD05
P01CX01;A02BD06
P01CX01;N01BC01
P01CX01;C01BA03
P01CX01;C01BD04
P01CX01;A03FA03
P01CX01;N06DA02
P01CX01;N01AX01
P01CX01;D10AF02
P01CX01;D10AF52
P01CX01;S01AA17
P01CX01;J01FA01
P01CX01;R05GB07
P01CX01;N06AB10
P01CX01;C01BC04
P01CX01;J02AC01
P01CX01;J01MA16
P01CX01;J01MA11
P01CX01;P01BX01
P01CX01;N05AD01
P01CX01;C01BD05
P01CX01;S01AX19
P01CX01;J01MA12
P01CX01;N05AA02
P01CX01;N07BC07
P01CX01;N05AC03
P01CX01;N07BC02
P01CX01;N02AC52
P01CX01;V04CN05
P01CX01;V70AA01
P01CX01;J01MA14
P01CX01;A04AA01
P01CX01;L01XA03
P01CX01;A03AD01
P01CX01;C04AX38
P01CX01;G04BE02
P01CX01;G04BE52
P01CX01;C04BA02
P01CX01;P01CX01
P01CX01;N05AG02
P01CX01;C10AX02
P01CX01;C01BA02
P01CX01;N01AX10
P01CX01;C01BA01
P01CX01;C01BA51
P01CX01;C01BA71
P01CX01;C08DA81
P01CX01;N01AB08
P01CX01;C07AA07
P01CX01;C07AA57
P01CX01;C07BA07
P01CX01;J01MA09
P01CX01;N05AL01
P01CX01;R06AX12
P01CX01;N05AC02
N05AG02;C01BD01
N05AG02;L01XX35
N05AG02;L01XX27
N05AG02;R06AX11
N05AG02;J01FA10
N05AG02;C08EA02
N05AG02;P01BA01
N05AG02;N05AA01
N05AG02;J01MA02
N05AG02;A03FA02
N05AG02;N06AB04
N05AG02;J01FA09
N05AG02;A02BD04
N05AG02;A02BD05
N05AG02;A02BD06
N05AG02;N01BC01
N05AG02;C01BA03
N05AG02;C01BD04
N05AG02;A03FA03
N05AG02;N06DA02
N05AG02;N01AX01
N05AG02;D10AF02
N05AG02;D10AF52
N05AG02;S01AA17
N05AG02;J01FA01
N05AG02;R05GB07
N05AG02;N06AB10
N05AG02;C01BC04
N05AG02;J02AC01
N05AG02;J01MA16
N05AG02;J01MA11
N05AG02;P01BX01
N05AG02;N05AD01
N05AG02;C01BD05
N05AG02;S01AX19
N05AG02;J01MA12
N05AG02;N05AA02
N05AG02;N07BC07
N05AG02;N05AC03
N05AG02;N07BC02
N05AG02;N02AC52
N05AG02;V04CN05
N05AG02;V70AA01
N05AG02;J01MA14
N05AG02;A04AA01
N05AG02;L01XA03
N05AG02;A03AD01
N05AG02;C04AX38
N05AG02;G04BE02
N05AG02;G04BE52
N05AG02;C04BA02
N05AG02;P01CX01
N05AG02;N05AG02
N05AG02;C10AX02
N05AG02;C01BA02
N05AG02;N01AX10
N05AG02;C01BA01
N05AG02;C01BA51
N05AG02;C01BA71
N05AG02;C08DA81
N05AG02;N01AB08
N05AG02;C07AA07
N05AG02;C07AA57
N05AG02;C07BA07
N05AG02;J01MA09
N05AG02;N05AL01
N05AG02;R06AX12
N05AG02;N05AC02
C10AX02;C01BD01
C10AX02;L01XX35
C10AX02;L01XX27
C10AX02;R06AX11
C10AX02;J01FA10
C10AX02;C08EA02
C10AX02;P01BA01
C10AX02;N05AA01
C10AX02;J01MA02
C10AX02;A03FA02
C10AX02;N06AB04
C10AX02;J01FA09
C10AX02;A02BD04
C10AX02;A02BD05
C10AX02;A02BD06
C10AX02;N01BC01
C10AX02;C01BA03
C10AX02;C01BD04
C10AX02;A03FA03
C10AX02;N06DA02
C10AX02;N01AX01
C10AX02;D10AF02
C10AX02;D10AF52
C10AX02;S01AA17
C10AX02;J01FA01
C10AX02;R05GB07
C10AX02;N06AB10
C10AX02;C01BC04
C10AX02;J02AC01
C10AX02;J01MA16
C10AX02;J01MA11
C10AX02;P01BX01
C10AX02;N05AD01
C10AX02;C01BD05
C10AX02;S01AX19
C10AX02;J01MA12
C10AX02;N05AA02
C10AX02;N07BC07
C10AX02;N05AC03
C10AX02;N07BC02
C10AX02;N02AC52
C10AX02;V04CN05
C10AX02;V70AA01
C10AX02;J01MA14
C10AX02;A04AA01
C10AX02;L01XA03
C10AX02;A03AD01
C10AX02;C04AX38
C10AX02;G04BE02
C10AX02;G04BE52
C10AX02;C04BA02
C10AX02;P01CX01
C10AX02;N05AG02
C10AX02;C10AX02
C10AX02;C01BA02
C10AX02;N01AX10
C10AX02;C01BA01
C10AX02;C01BA51
C10AX02;C01BA71
C10AX02;C08DA81
C10AX02;N01AB08
C10AX02;C07AA07
C10AX02;C07AA57
C10AX02;C07BA07
C10AX02;J01MA09
C10AX02;N05AL01
C10AX02;R06AX12
C10AX02;N05AC02
C01BA02;C01BD01
C01BA02;L01XX35
C01BA02;L01XX27
C01BA02;R06AX11
C01BA02;J01FA10
C01BA02;C08EA02
C01BA02;P01BA01
C01BA02;N05AA01
C01BA02;J01MA02
C01BA02;A03FA02
C01BA02;N06AB04
C01BA02;J01FA09
C01BA02;A02BD04
C01BA02;A02BD05
C01BA02;A02BD06
C01BA02;N01BC01
C01BA02;C01BA03
C01BA02;C01BD04
C01BA02;A03FA03
C01BA02;N06DA02
C01BA02;N01AX01
C01BA02;D10AF02
C01BA02;D10AF52
C01BA02;S01AA17
C01BA02;J01FA01
C01BA02;R05GB07
C01BA02;N06AB10
C01BA02;C01BC04
C01BA02;J02AC01
C01BA02;J01MA16
C01BA02;J01MA11
C01BA02;P01BX01
C01BA02;N05AD01
C01BA02;C01BD05
C01BA02;S01AX19
C01BA02;J01MA12
C01BA02;N05AA02
C01BA02;N07BC07
C01BA02;N05AC03
C01BA02;N07BC02
C01BA02;N02AC52
C01BA02;V04CN05
C01BA02;V70AA01
C01BA02;J01MA14
C01BA02;A04AA01
C01BA02;L01XA03
C01BA02;A03AD01
C01BA02;C04AX38
C01BA02;G04BE02
C01BA02;G04BE52
C01BA02;C04BA02
C01BA02;P01CX01
C01BA02;N05AG02
C01BA02;C10AX02
C01BA02;C01BA02
C01BA02;N01AX10
C01BA02;C01BA01
C01BA02;C01BA51
C01BA02;C01BA71
C01BA02;C08DA81
C01BA02;N01AB08
C01BA02;C07AA07
C01BA02;C07AA57
C01BA02;C07BA07
C01BA02;J01MA09
C01BA02;N05AL01
C01BA02;R06AX12
C01BA02;N05AC02
N01AX10;C01BD01
N01AX10;L01XX35
N01AX10;L01XX27
N01AX10;R06AX11
N01AX10;J01FA10
N01AX10;C08EA02
N01AX10;P01BA01
N01AX10;N05AA01
N01AX10;J01MA02
N01AX10;A03FA02
N01AX10;N06AB04
N01AX10;J01FA09
N01AX10;A02BD04
N01AX10;A02BD05
N01AX10;A02BD06
N01AX10;N01BC01
N01AX10;C01BA03
N01AX10;C01BD04
N01AX10;A03FA03
N01AX10;N06DA02
N01AX10;N01AX01
N01AX10;D10AF02
N01AX10;D10AF52
N01AX10;S01AA17
N01AX10;J01FA01
N01AX10;R05GB07
N01AX10;N06AB10
N01AX10;C01BC04
N01AX10;J02AC01
N01AX10;J01MA16
N01AX10;J01MA11
N01AX10;P01BX01
N01AX10;N05AD01
N01AX10;C01BD05
N01AX10;S01AX19
N01AX10;J01MA12
N01AX10;N05AA02
N01AX10;N07BC07
N01AX10;N05AC03
N01AX10;N07BC02
N01AX10;N02AC52
N01AX10;V04CN05
N01AX10;V70AA01
N01AX10;J01MA14
N01AX10;A04AA01
N01AX10;L01XA03
N01AX10;A03AD01
N01AX10;C04AX38
N01AX10;G04BE02
N01AX10;G04BE52
N01AX10;C04BA02
N01AX10;P01CX01
N01AX10;N05AG02
N01AX10;C10AX02
N01AX10;C01BA02
N01AX10;N01AX10
N01AX10;C01BA01
N01AX10;C01BA51
N01AX10;C01BA71
N01AX10;C08DA81
N01AX10;N01AB08
N01AX10;C07AA07
N01AX10;C07AA57
N01AX10;C07BA07
N01AX10;J01MA09
N01AX10;N05AL01
N01AX10;R06AX12
N01AX10;N05AC02
C01BA01;C01BD01
C01BA51;C01BD01
C01BA71;C01BD01
C08DA81;C01BD01
C01BA01;L01XX35
C01BA51;L01XX35
C01BA71;L01XX35
C08DA81;L01XX35
C01BA01;L01XX27
C01BA51;L01XX27
C01BA71;L01XX27
C08DA81;L01XX27
C01BA01;R06AX11
C01BA51;R06AX11
C01BA71;R06AX11
C08DA81;R06AX11
C01BA01;J01FA10
C01BA51;J01FA10
C01BA71;J01FA10
C08DA81;J01FA10
C01BA01;C08EA02
C01BA51;C08EA02
C01BA71;C08EA02
C08DA81;C08EA02
C01BA01;P01BA01
C01BA51;P01BA01
C01BA71;P01BA01
C08DA81;P01BA01
C01BA01;N05AA01
C01BA51;N05AA01
C01BA71;N05AA01
C08DA81;N05AA01
C01BA01;J01MA02
C01BA51;J01MA02
C01BA71;J01MA02
C08DA81;J01MA02
C01BA01;A03FA02
C01BA51;A03FA02
C01BA71;A03FA02
C08DA81;A03FA02
C01BA01;N06AB04
C01BA51;N06AB04
C01BA71;N06AB04
C08DA81;N06AB04
C01BA01;J01FA09
C01BA01;A02BD04
C01BA01;A02BD05
C01BA01;A02BD06
C01BA51;J01FA09
C01BA51;A02BD04
C01BA51;A02BD05
C01BA51;A02BD06
C01BA71;J01FA09
C01BA71;A02BD04
C01BA71;A02BD05
C01BA71;A02BD06
C08DA81;J01FA09
C08DA81;A02BD04
C08DA81;A02BD05
C08DA81;A02BD06
C01BA01;N01BC01
C01BA51;N01BC01
C01BA71;N01BC01
C08DA81;N01BC01
C01BA01;C01BA03
C01BA51;C01BA03
C01BA71;C01BA03
C08DA81;C01BA03
C01BA01;C01BD04
C01BA51;C01BD04
C01BA71;C01BD04
C08DA81;C01BD04
C01BA01;A03FA03
C01BA51;A03FA03
C01BA71;A03FA03
C08DA81;A03FA03
C01BA01;N06DA02
C01BA51;N06DA02
C01BA71;N06DA02
C08DA81;N06DA02
C01BA01;N01AX01
C01BA51;N01AX01
C01BA71;N01AX01
C08DA81;N01AX01
C01BA01;D10AF02
C01BA01;D10AF52
C01BA01;S01AA17
C01BA01;J01FA01
C01BA01;R05GB07
C01BA51;D10AF02
C01BA51;D10AF52
C01BA51;S01AA17
C01BA51;J01FA01
C01BA51;R05GB07
C01BA71;D10AF02
C01BA71;D10AF52
C01BA71;S01AA17
C01BA71;J01FA01
C01BA71;R05GB07
C08DA81;D10AF02
C08DA81;D10AF52
C08DA81;S01AA17
C08DA81;J01FA01
C08DA81;R05GB07
C01BA01;N06AB10
C01BA51;N06AB10
C01BA71;N06AB10
C08DA81;N06AB10
C01BA01;C01BC04
C01BA51;C01BC04
C01BA71;C01BC04
C08DA81;C01BC04
C01BA01;J02AC01
C01BA51;J02AC01
C01BA71;J02AC01
C08DA81;J02AC01
C01BA01;J01MA16
C01BA51;J01MA16
C01BA71;J01MA16
C08DA81;J01MA16
C01BA01;J01MA11
C01BA51;J01MA11
C01BA71;J01MA11
C08DA81;J01MA11
C01BA01;P01BX01
C01BA51;P01BX01
C01BA71;P01BX01
C08DA81;P01BX01
C01BA01;N05AD01
C01BA51;N05AD01
C01BA71;N05AD01
C08DA81;N05AD01
C01BA01;C01BD05
C01BA51;C01BD05
C01BA71;C01BD05
C08DA81;C01BD05
C01BA01;S01AX19
C01BA01;J01MA12
C01BA51;S01AX19
C01BA51;J01MA12
C01BA71;S01AX19
C01BA71;J01MA12
C08DA81;S01AX19
C08DA81;J01MA12
C01BA01;N05AA02
C01BA51;N05AA02
C01BA71;N05AA02
C08DA81;N05AA02
C01BA01;N07BC07
C01BA51;N07BC07
C01BA71;N07BC07
C08DA81;N07BC07
C01BA01;N05AC03
C01BA51;N05AC03
C01BA71;N05AC03
C08DA81;N05AC03
C01BA01;N07BC02
C01BA01;N02AC52
C01BA01;V04CN05
C01BA01;V70AA01
C01BA51;N07BC02
C01BA51;N02AC52
C01BA51;V04CN05
C01BA51;V70AA01
C01BA71;N07BC02
C01BA71;N02AC52
C01BA71;V04CN05
C01BA71;V70AA01
C08DA81;N07BC02
C08DA81;N02AC52
C08DA81;V04CN05
C08DA81;V70AA01
C01BA01;J01MA14
C01BA51;J01MA14
C01BA71;J01MA14
C08DA81;J01MA14
C01BA01;A04AA01
C01BA51;A04AA01
C01BA71;A04AA01
C08DA81;A04AA01
C01BA01;L01XA03
C01BA51;L01XA03
C01BA71;L01XA03
C08DA81;L01XA03
C01BA01;A03AD01
C01BA01;C04AX38
C01BA01;G04BE02
C01BA01;G04BE52
C01BA01;C04BA02
C01BA51;A03AD01
C01BA51;C04AX38
C01BA51;G04BE02
C01BA51;G04BE52
C01BA51;C04BA02
C01BA71;A03AD01
C01BA71;C04AX38
C01BA71;G04BE02
C01BA71;G04BE52
C01BA71;C04BA02
C08DA81;A03AD01
C08DA81;C04AX38
C08DA81;G04BE02
C08DA81;G04BE52
C08DA81;C04BA02
C01BA01;P01CX01
C01BA51;P01CX01
C01BA71;P01CX01
C08DA81;P01CX01
C01BA01;N05AG02
C01BA51;N05AG02
C01BA71;N05AG02
C08DA81;N05AG02
C01BA01;C10AX02
C01BA51;C10AX02
C01BA71;C10AX02
C08DA81;C10AX02
C01BA01;C01BA02
C01BA51;C01BA02
C01BA71;C01BA02
C08DA81;C01BA02
C01BA01;N01AX10
C01BA51;N01AX10
C01BA71;N01AX10
C08DA81;N01AX10
C01BA01;C01BA01
C01BA01;C01BA51
C01BA01;C01BA71
C01BA01;C08DA81
C01BA51;C01BA01
C01BA51;C01BA51
C01BA51;C01BA71
C01BA51;C08DA81
C01BA71;C01BA01
C01BA71;C01BA51
C01BA71;C01BA71
C01BA71;C08DA81
C08DA81;C01BA01
C08DA81;C01BA51
C08DA81;C01BA71
C08DA81;C08DA81
C01BA01;N01AB08
C01BA51;N01AB08
C01BA71;N01AB08
C08DA81;N01AB08
C01BA01;C07AA07
C01BA01;C07AA57
C01BA01;C07BA07
C01BA51;C07AA07
C01BA51;C07AA57
C01BA51;C07BA07
C01BA71;C07AA07
C01BA71;C07AA57
C01BA71;C07BA07
C08DA81;C07AA07
C08DA81;C07AA57
C08DA81;C07BA07
C01BA01;J01MA09
C01BA51;J01MA09
C01BA71;J01MA09
C08DA81;J01MA09
C01BA01;N05AL01
C01BA51;N05AL01
C01BA71;N05AL01
C08DA81;N05AL01
C01BA01;R06AX12
C01BA51;R06AX12
C01BA71;R06AX12
C08DA81;R06AX12
C01BA01;N05AC02
C01BA51;N05AC02
C01BA71;N05AC02
C08DA81;N05AC02
N01AB08;C01BD01
N01AB08;L01XX35
N01AB08;L01XX27
N01AB08;R06AX11
N01AB08;J01FA10
N01AB08;C08EA02
N01AB08;P01BA01
N01AB08;N05AA01
N01AB08;J01MA02
N01AB08;A03FA02
N01AB08;N06AB04
N01AB08;J01FA09
N01AB08;A02BD04
N01AB08;A02BD05
N01AB08;A02BD06
N01AB08;N01BC01
N01AB08;C01BA03
N01AB08;C01BD04
N01AB08;A03FA03
N01AB08;N06DA02
N01AB08;N01AX01
N01AB08;D10AF02
N01AB08;D10AF52
N01AB08;S01AA17
N01AB08;J01FA01
N01AB08;R05GB07
N01AB08;N06AB10
N01AB08;C01BC04
N01AB08;J02AC01
N01AB08;J01MA16
N01AB08;J01MA11
N01AB08;P01BX01
N01AB08;N05AD01
N01AB08;C01BD05
N01AB08;S01AX19
N01AB08;J01MA12
N01AB08;N05AA02
N01AB08;N07BC07
N01AB08;N05AC03
N01AB08;N07BC02
N01AB08;N02AC52
N01AB08;V04CN05
N01AB08;V70AA01
N01AB08;J01MA14
N01AB08;A04AA01
N01AB08;L01XA03
N01AB08;A03AD01
N01AB08;C04AX38
N01AB08;G04BE02
N01AB08;G04BE52
N01AB08;C04BA02
N01AB08;P01CX01
N01AB08;N05AG02
N01AB08;C10AX02
N01AB08;C01BA02
N01AB08;N01AX10
N01AB08;C01BA01
N01AB08;C01BA51
N01AB08;C01BA71
N01AB08;C08DA81
N01AB08;N01AB08
N01AB08;C07AA07
N01AB08;C07AA57
N01AB08;C07BA07
N01AB08;J01MA09
N01AB08;N05AL01
N01AB08;R06AX12
N01AB08;N05AC02
C07AA07;C01BD01
C07AA57;C01BD01
C07BA07;C01BD01
C07AA07;L01XX35
C07AA57;L01XX35
C07BA07;L01XX35
C07AA07;L01XX27
C07AA57;L01XX27
C07BA07;L01XX27
C07AA07;R06AX11
C07AA57;R06AX11
C07BA07;R06AX11
C07AA07;J01FA10
C07AA57;J01FA10
C07BA07;J01FA10
C07AA07;C08EA02
C07AA57;C08EA02
C07BA07;C08EA02
C07AA07;P01BA01
C07AA57;P01BA01
C07BA07;P01BA01
C07AA07;N05AA01
C07AA57;N05AA01
C07BA07;N05AA01
C07AA07;J01MA02
C07AA57;J01MA02
C07BA07;J01MA02
C07AA07;A03FA02
C07AA57;A03FA02
C07BA07;A03FA02
C07AA07;N06AB04
C07AA57;N06AB04
C07BA07;N06AB04
C07AA07;J01FA09
C07AA07;A02BD04
C07AA07;A02BD05
C07AA07;A02BD06
C07AA57;J01FA09
C07AA57;A02BD04
C07AA57;A02BD05
C07AA57;A02BD06
C07BA07;J01FA09
C07BA07;A02BD04
C07BA07;A02BD05
C07BA07;A02BD06
C07AA07;N01BC01
C07AA57;N01BC01
C07BA07;N01BC01
C07AA07;C01BA03
C07AA57;C01BA03
C07BA07;C01BA03
C07AA07;C01BD04
C07AA57;C01BD04
C07BA07;C01BD04
C07AA07;A03FA03
C07AA57;A03FA03
C07BA07;A03FA03
C07AA07;N06DA02
C07AA57;N06DA02
C07BA07;N06DA02
C07AA07;N01AX01
C07AA57;N01AX01
C07BA07;N01AX01
C07AA07;D10AF02
C07AA07;D10AF52
C07AA07;S01AA17
C07AA07;J01FA01
C07AA07;R05GB07
C07AA57;D10AF02
C07AA57;D10AF52
C07AA57;S01AA17
C07AA57;J01FA01
C07AA57;R05GB07
C07BA07;D10AF02
C07BA07;D10AF52
C07BA07;S01AA17
C07BA07;J01FA01
C07BA07;R05GB07
C07AA07;N06AB10
C07AA57;N06AB10
C07BA07;N06AB10
C07AA07;C01BC04
C07AA57;C01BC04
C07BA07;C01BC04
C07AA07;J02AC01
C07AA57;J02AC01
C07BA07;J02AC01
C07AA07;J01MA16
C07AA57;J01MA16
C07BA07;J01MA16
C07AA07;J01MA11
C07AA57;J01MA11
C07BA07;J01MA11
C07AA07;P01BX01
C07AA57;P01BX01
C07BA07;P01BX01
C07AA07;N05AD01
C07AA57;N05AD01
C07BA07;N05AD01
C07AA07;C01BD05
C07AA57;C01BD05
C07BA07;C01BD05
C07AA07;S01AX19
C07AA07;J01MA12
C07AA57;S01AX19
C07AA57;J01MA12
C07BA07;S01AX19
C07BA07;J01MA12
C07AA07;N05AA02
C07AA57;N05AA02
C07BA07;N05AA02
C07AA07;N07BC07
C07AA57;N07BC07
C07BA07;N07BC07
C07AA07;N05AC03
C07AA57;N05AC03
C07BA07;N05AC03
C07AA07;N07BC02
C07AA07;N02AC52
C07AA07;V04CN05
C07AA07;V70AA01
C07AA57;N07BC02
C07AA57;N02AC52
C07AA57;V04CN05
C07AA57;V70AA01
C07BA07;N07BC02
C07BA07;N02AC52
C07BA07;V04CN05
C07BA07;V70AA01
C07AA07;J01MA14
C07AA57;J01MA14
C07BA07;J01MA14
C07AA07;A04AA01
C07AA57;A04AA01
C07BA07;A04AA01
C07AA07;L01XA03
C07AA57;L01XA03
C07BA07;L01XA03
C07AA07;A03AD01
C07AA07;C04AX38
C07AA07;G04BE02
C07AA07;G04BE52
C07AA07;C04BA02
C07AA57;A03AD01
C07AA57;C04AX38
C07AA57;G04BE02
C07AA57;G04BE52
C07AA57;C04BA02
C07BA07;A03AD01
C07BA07;C04AX38
C07BA07;G04BE02
C07BA07;G04BE52
C07BA07;C04BA02
C07AA07;P01CX01
C07AA57;P01CX01
C07BA07;P01CX01
C07AA07;N05AG02
C07AA57;N05AG02
C07BA07;N05AG02
C07AA07;C10AX02
C07AA57;C10AX02
C07BA07;C10AX02
C07AA07;C01BA02
C07AA57;C01BA02
C07BA07;C01BA02
C07AA07;N01AX10
C07AA57;N01AX10
C07BA07;N01AX10
C07AA07;C01BA01
C07AA07;C01BA51
C07AA07;C01BA71
C07AA07;C08DA81
C07AA57;C01BA01
C07AA57;C01BA51
C07AA57;C01BA71
C07AA57;C08DA81
C07BA07;C01BA01
C07BA07;C01BA51
C07BA07;C01BA71
C07BA07;C08DA81
C07AA07;N01AB08
C07AA57;N01AB08
C07BA07;N01AB08
C07AA07;C07AA07
C07AA07;C07AA57
C07AA07;C07BA07
C07AA57;C07AA07
C07AA57;C07AA57
C07AA57;C07BA07
C07BA07;C07AA07
C07BA07;C07AA57
C07BA07;C07BA07
C07AA07;J01MA09
C07AA57;J01MA09
C07BA07;J01MA09
C07AA07;N05AL01
C07AA57;N05AL01
C07BA07;N05AL01
C07AA07;R06AX12
C07AA57;R06AX12
C07BA07;R06AX12
C07AA07;N05AC02
C07AA57;N05AC02
C07BA07;N05AC02
J01MA09;C01BD01
J01MA09;L01XX35
J01MA09;L01XX27
J01MA09;R06AX11
J01MA09;J01FA10
J01MA09;C08EA02
J01MA09;P01BA01
J01MA09;N05AA01
J01MA09;J01MA02
J01MA09;A03FA02
J01MA09;N06AB04
J01MA09;J01FA09
J01MA09;A02BD04
J01MA09;A02BD05
J01MA09;A02BD06
J01MA09;N01BC01
J01MA09;C01BA03
J01MA09;C01BD04
J01MA09;A03FA03
J01MA09;N06DA02
J01MA09;N01AX01
J01MA09;D10AF02
J01MA09;D10AF52
J01MA09;S01AA17
J01MA09;J01FA01
J01MA09;R05GB07
J01MA09;N06AB10
J01MA09;C01BC04
J01MA09;J02AC01
J01MA09;J01MA16
J01MA09;J01MA11
J01MA09;P01BX01
J01MA09;N05AD01
J01MA09;C01BD05
J01MA09;S01AX19
J01MA09;J01MA12
J01MA09;N05AA02
J01MA09;N07BC07
J01MA09;N05AC03
J01MA09;N07BC02
J01MA09;N02AC52
J01MA09;V04CN05
J01MA09;V70AA01
J01MA09;J01MA14
J01MA09;A04AA01
J01MA09;L01XA03
J01MA09;A03AD01
J01MA09;C04AX38
J01MA09;G04BE02
J01MA09;G04BE52
J01MA09;C04BA02
J01MA09;P01CX01
J01MA09;N05AG02
J01MA09;C10AX02
J01MA09;C01BA02
J01MA09;N01AX10
J01MA09;C01BA01
J01MA09;C01BA51
J01MA09;C01BA71
J01MA09;C08DA81
J01MA09;N01AB08
J01MA09;C07AA07
J01MA09;C07AA57
J01MA09;C07BA07
J01MA09;J01MA09
J01MA09;N05AL01
J01MA09;R06AX12
J01MA09;N05AC02
N05AL01;C01BD01
N05AL01;L01XX35
N05AL01;L01XX27
N05AL01;R06AX11
N05AL01;J01FA10
N05AL01;C08EA02
N05AL01;P01BA01
N05AL01;N05AA01
N05AL01;J01MA02
N05AL01;A03FA02
N05AL01;N06AB04
N05AL01;J01FA09
N05AL01;A02BD04
N05AL01;A02BD05
N05AL01;A02BD06
N05AL01;N01BC01
N05AL01;C01BA03
N05AL01;C01BD04
N05AL01;A03FA03
N05AL01;N06DA02
N05AL01;N01AX01
N05AL01;D10AF02
N05AL01;D10AF52
N05AL01;S01AA17
N05AL01;J01FA01
N05AL01;R05GB07
N05AL01;N06AB10
N05AL01;C01BC04
N05AL01;J02AC01
N05AL01;J01MA16
N05AL01;J01MA11
N05AL01;P01BX01
N05AL01;N05AD01
N05AL01;C01BD05
N05AL01;S01AX19
N05AL01;J01MA12
N05AL01;N05AA02
N05AL01;N07BC07
N05AL01;N05AC03
N05AL01;N07BC02
N05AL01;N02AC52
N05AL01;V04CN05
N05AL01;V70AA01
N05AL01;J01MA14
N05AL01;A04AA01
N05AL01;L01XA03
N05AL01;A03AD01
N05AL01;C04AX38
N05AL01;G04BE02
N05AL01;G04BE52
N05AL01;C04BA02
N05AL01;P01CX01
N05AL01;N05AG02
N05AL01;C10AX02
N05AL01;C01BA02
N05AL01;N01AX10
N05AL01;C01BA01
N05AL01;C01BA51
N05AL01;C01BA71
N05AL01;C08DA81
N05AL01;N01AB08
N05AL01;C07AA07
N05AL01;C07AA57
N05AL01;C07BA07
N05AL01;J01MA09
N05AL01;N05AL01
N05AL01;R06AX12
N05AL01;N05AC02
R06AX12;C01BD01
R06AX12;L01XX35
R06AX12;L01XX27
R06AX12;R06AX11
R06AX12;J01FA10
R06AX12;C08EA02
R06AX12;P01BA01
R06AX12;N05AA01
R06AX12;J01MA02
R06AX12;A03FA02
R06AX12;N06AB04
R06AX12;J01FA09
R06AX12;A02BD04
R06AX12;A02BD05
R06AX12;A02BD06
R06AX12;N01BC01
R06AX12;C01BA03
R06AX12;C01BD04
R06AX12;A03FA03
R06AX12;N06DA02
R06AX12;N01AX01
R06AX12;D10AF02
R06AX12;D10AF52
R06AX12;S01AA17
R06AX12;J01FA01
R06AX12;R05GB07
R06AX12;N06AB10
R06AX12;C01BC04
R06AX12;J02AC01
R06AX12;J01MA16
R06AX12;J01MA11
R06AX12;P01BX01
R06AX12;N05AD01
R06AX12;C01BD05
R06AX12;S01AX19
R06AX12;J01MA12
R06AX12;N05AA02
R06AX12;N07BC07
R06AX12;N05AC03
R06AX12;N07BC02
R06AX12;N02AC52
R06AX12;V04CN05
R06AX12;V70AA01
R06AX12;J01MA14
R06AX12;A04AA01
R06AX12;L01XA03
R06AX12;A03AD01
R06AX12;C04AX38
R06AX12;G04BE02
R06AX12;G04BE52
R06AX12;C04BA02
R06AX12;P01CX01
R06AX12;N05AG02
R06AX12;C10AX02
R06AX12;C01BA02
R06AX12;N01AX10
R06AX12;C01BA01
R06AX12;C01BA51
R06AX12;C01BA71
R06AX12;C08DA81
R06AX12;N01AB08
R06AX12;C07AA07
R06AX12;C07AA57
R06AX12;C07BA07
R06AX12;J01MA09
R06AX12;N05AL01
R06AX12;R06AX12
R06AX12;N05AC02
N05AC02;C01BD01
N05AC02;L01XX35
N05AC02;L01XX27
N05AC02;R06AX11
N05AC02;J01FA10
N05AC02;C08EA02
N05AC02;P01BA01
N05AC02;N05AA01
N05AC02;J01MA02
N05AC02;A03FA02
N05AC02;N06AB04
N05AC02;J01FA09
N05AC02;A02BD04
N05AC02;A02BD05
N05AC02;A02BD06
N05AC02;N01BC01
N05AC02;C01BA03
N05AC02;C01BD04
N05AC02;A03FA03
N05AC02;N06DA02
N05AC02;N01AX01
N05AC02;D10AF02
N05AC02;D10AF52
N05AC02;S01AA17
N05AC02;J01FA01
N05AC02;R05GB07
N05AC02;N06AB10
N05AC02;C01BC04
N05AC02;J02AC01
N05AC02;J01MA16
N05AC02;J01MA11
N05AC02;P01BX01
N05AC02;N05AD01
N05AC02;C01BD05
N05AC02;S01AX19
N05AC02;J01MA12
N05AC02;N05AA02
N05AC02;N07BC07
N05AC02;N05AC03
N05AC02;N07BC02
N05AC02;N02AC52
N05AC02;V04CN05
N05AC02;V70AA01
N05AC02;J01MA14
N05AC02;A04AA01
N05AC02;L01XA03
N05AC02;A03AD01
N05AC02;C04AX38
N05AC02;G04BE02
N05AC02;G04BE52
N05AC02;C04BA02
N05AC02;P01CX01
N05AC02;N05AG02
N05AC02;C10AX02
N05AC02;C01BA02
N05AC02;N01AX10
N05AC02;C01BA01
N05AC02;C01BA51
N05AC02;C01BA71
N05AC02;C08DA81
N05AC02;N01AB08
N05AC02;C07AA07
N05AC02;C07AA57
N05AC02;C07BA07
N05AC02;J01MA09
N05AC02;N05AL01
N05AC02;R06AX12
N05AC02;N05AC02
C02KX01;J05AE03
C02KX01;J05AE05
C02KX01;J05AE08
C02KX01;J05AE07
C02KX01;J05AE02
C02KX01;J05AE06
C02KX01;J05AE04
C02KX01;J05AE01
C02KX01;J05AE09
J04AB05;J05AE03
J04AB05;J05AE05
J04AB05;J05AE08
J04AB05;J05AE07
J04AB05;J05AE02
J04AB05;J05AE06
J04AB05;J05AE04
J04AB05;J05AE01
J04AB05;J05AE09
J04AB04;J05AE03
J04AB04;J05AE05
J04AB04;J05AE08
J04AB04;J05AE07
J04AB04;J05AE02
J04AB04;J05AE06
J04AB04;J05AE04
J04AB04;J05AE01
J04AB04;J05AE09
N06AP01;J05AE03
N06AP51;J05AE03
N06AP01;J05AE05
N06AP51;J05AE05
N06AP01;J05AE08
N06AP51;J05AE08
N06AP01;J05AE07
N06AP51;J05AE07
N06AP01;J05AE02
N06AP51;J05AE02
N06AP01;J05AE06
N06AP51;J05AE06
N06AP01;J05AE04
N06AP51;J05AE04
N06AP01;J05AE01
N06AP51;J05AE01
N06AP01;J05AE09
N06AP51;J05AE09
C10AA01;J05AE02
C10BA02;J05AE02
C10BX01;J05AE02
C10AA01;J05AE01
C10BA02;J05AE01
C10BX01;J05AE01
C10AA01;J05AE09
C10BA02;J05AE09
C10BX01;J05AE09
C10AA01;J05AE03
C10BA02;J05AE03
C10BX01;J05AE03
C10AA01;J05AE04
C10BA02;J05AE04
C10BX01;J05AE04
C10AA01;J05AE08
C10BA02;J05AE08
C10BX01;J05AE08
C10AA01;J05AE05
C10BA02;J05AE05
C10BX01;J05AE05
C10AA01;J05AE06
C10BA02;J05AE06
C10BX01;J05AE06
C10AA01;J01FA09
C10AA01;A02BD04
C10AA01;A02BD05
C10AA01;A02BD06
C10BA02;J01FA09
C10BA02;A02BD04
C10BA02;A02BD05
C10BA02;A02BD06
C10BX01;J01FA09
C10BX01;A02BD04
C10BX01;A02BD05
C10BX01;A02BD06
C10AA01;D10AF02
C10AA01;D10AF52
C10AA01;S01AA17
C10AA01;J01FA01
C10AA01;R05GB07
C10BA02;D10AF02
C10BA02;D10AF52
C10BA02;S01AA17
C10BA02;J01FA01
C10BA02;R05GB07
C10BX01;D10AF02
C10BX01;D10AF52
C10BX01;S01AA17
C10BX01;J01FA01
C10BX01;R05GB07
C10AA01;J01FA15
C10BA02;J01FA15
C10BX01;J01FA15
C10AA01;C01BD01
C10BA02;C01BD01
C10BX01;C01BD01
C10AA01;C08DA01
C10AA01;C08DA81
C10AA01;C08DA51
C10AA01;C08GA02
C10BA02;C08DA01
C10BA02;C08DA81
C10BA02;C08DA51
C10BA02;C08GA02
C10BX01;C08DA01
C10BX01;C08DA81
C10BX01;C08DA51
C10BX01;C08GA02
C10AA01;C08DB01
C10BA02;C08DB01
C10BX01;C08DB01
C10AA01;J02AC02
C10BA02;J02AC02
C10BX01;J02AC02
C10AA01;J02AC01
C10BA02;J02AC01
C10BX01;J02AC01
C10AA01;N06AX06
C10BA02;N06AX06
C10BX01;N06AX06
C10AA02;J05AE02
C10BA01;J05AE02
C10AA02;J05AE01
C10BA01;J05AE01
C10AA02;J05AE09
C10BA01;J05AE09
C10AA02;J05AE03
C10BA01;J05AE03
C10AA02;J05AE04
C10BA01;J05AE04
C10AA02;J05AE08
C10BA01;J05AE08
C10AA02;J05AE05
C10BA01;J05AE05
C10AA02;J05AE06
C10BA01;J05AE06
C10AA02;J01FA09
C10AA02;A02BD04
C10AA02;A02BD05
C10AA02;A02BD06
C10BA01;J01FA09
C10BA01;A02BD04
C10BA01;A02BD05
C10BA01;A02BD06
C10AA02;D10AF02
C10AA02;D10AF52
C10AA02;S01AA17
C10AA02;J01FA01
C10AA02;R05GB07
C10BA01;D10AF02
C10BA01;D10AF52
C10BA01;S01AA17
C10BA01;J01FA01
C10BA01;R05GB07
C10AA02;J01FA15
C10BA01;J01FA15
C10AA02;C01BD01
C10BA01;C01BD01
C10AA02;C08DA01
C10AA02;C08DA81
C10AA02;C08DA51
C10AA02;C08GA02
C10BA01;C08DA01
C10BA01;C08DA81
C10BA01;C08DA51
C10BA01;C08GA02
C10AA02;C08DB01
C10BA01;C08DB01
C10AA02;J02AC02
C10BA01;J02AC02
C10AA02;J02AC01
C10BA01;J02AC01
C10AA02;N06AX06
C10BA01;N06AX06
J05AE02;N02CA02
J05AE02;N02CA52
J05AE02;N02CA72
J05AE02;G02AB01
J05AE02;G02AC01
J05AE01;N02CA02
J05AE01;N02CA52
J05AE01;N02CA72
J05AE01;G02AB01
J05AE01;G02AC01
J05AE09;N02CA02
J05AE09;N02CA52
J05AE09;N02CA72
J05AE09;G02AB01
J05AE09;G02AC01
J05AE03;N02CA02
J05AE03;N02CA52
J05AE03;N02CA72
J05AE03;G02AB01
J05AE03;G02AC01
J05AE04;N02CA02
J05AE04;N02CA52
J05AE04;N02CA72
J05AE04;G02AB01
J05AE04;G02AC01
J05AE08;N02CA02
J05AE08;N02CA52
J05AE08;N02CA72
J05AE08;G02AB01
J05AE08;G02AC01
J05AE05;N02CA02
J05AE05;N02CA52
J05AE05;N02CA72
J05AE05;G02AB01
J05AE05;G02AC01
J05AE06;N02CA02
J05AE06;N02CA52
J05AE06;N02CA72
J05AE06;G02AB01
J05AE06;G02AC01
J01FA09;N02CA02
J01FA09;N02CA52
J01FA09;N02CA72
A02BD04;N02CA02
A02BD04;N02CA52
A02BD04;N02CA72
A02BD05;N02CA02
A02BD05;N02CA52
A02BD05;N02CA72
A02BD06;N02CA02
A02BD06;N02CA52
A02BD06;N02CA72
J01FA09;G02AB01
J01FA09;G02AC01
A02BD04;G02AB01
A02BD04;G02AC01
A02BD05;G02AB01
A02BD05;G02AC01
A02BD06;G02AB01
A02BD06;G02AC01
D10AF02;N02CA02
D10AF02;N02CA52
D10AF02;N02CA72
D10AF52;N02CA02
D10AF52;N02CA52
D10AF52;N02CA72
S01AA17;N02CA02
S01AA17;N02CA52
S01AA17;N02CA72
J01FA01;N02CA02
J01FA01;N02CA52
J01FA01;N02CA72
R05GB07;N02CA02
R05GB07;N02CA52
R05GB07;N02CA72
D10AF02;G02AB01
D10AF02;G02AC01
D10AF52;G02AB01
D10AF52;G02AC01
S01AA17;G02AB01
S01AA17;G02AC01
J01FA01;G02AB01
J01FA01;G02AC01
R05GB07;G02AB01
R05GB07;G02AC01
J01FA15;N02CA02
J01FA15;N02CA52
J01FA15;N02CA72
J01FA15;G02AB01
J01FA15;G02AC01
J02AB02;N02CA02
J02AB02;N02CA52
J02AB02;N02CA72
J02AB02;G02AB01
J02AB02;G02AC01
J02AC02;N02CA02
J02AC02;N02CA52
J02AC02;N02CA72
J02AC02;G02AB01
J02AC02;G02AC01
M03BX02;J01MA02
M03BX02;N06AB08
M03BX02;C01BD01
N06AF04;L01XB01
N06CA03;L01XB01
N02CC03;N06AF04
N02CC03;N06CA03
N02CC03;N06AF03
N02CC03;N06AG02
N02CC04;N06AF04
N02CC04;N06CA03
N02CC04;N06AF03
N02CC04;N06AG02
