C02KX01;J05AE03
C02KX01;J05AE05
C02KX01;J05AE08
C02KX01;J05AE07
C02KX01;J05AE02
C02KX01;J05AE06
C02KX01;J05AE04
C02KX01;J05AE01
C02KX01;J05AE09
J04AB05;J05AE03
J04AB05;J05AE05
J04AB05;J05AE08
J04AB05;J05AE07
J04AB05;J05AE02
J04AB05;J05AE06
J04AB05;J05AE04
J04AB05;J05AE01
J04AB05;J05AE09
J04AB04;J05AE03
J04AB04;J05AE05
J04AB04;J05AE08
J04AB04;J05AE07
J04AB04;J05AE02
J04AB04;J05AE06
J04AB04;J05AE04
J04AB04;J05AE01
J04AB04;J05AE09
N06AP01;J05AE03
N06AP51;J05AE03
N06AP01;J05AE05
N06AP51;J05AE05
N06AP01;J05AE08
N06AP51;J05AE08
N06AP01;J05AE07
N06AP51;J05AE07
N06AP01;J05AE02
N06AP51;J05AE02
N06AP01;J05AE06
N06AP51;J05AE06
N06AP01;J05AE04
N06AP51;J05AE04
N06AP01;J05AE01
N06AP51;J05AE01
N06AP01;J05AE09
N06AP51;J05AE09
