N06BA04;N06AF04
N06BA04;N06CA03
N06BA04;N06AF03
N06BA04;N06AF01
N06BA04;L01XB01
N06BA04;N04BD01
N06BA04;N06AF04
N06BA04;N06CA03
N06BA04;N06AF03
N06BA04;N06AF01
N06BA04;L01XB01
N06BA04;N04BD01
R01BA02;N06AF04
R01BA02;N06CA03
R01BA52;N06AF04
R01BA52;N06CA03
R01BA02;N06AF03
R01BA52;N06AF03
R01BA02;N06AF01
R01BA52;N06AF01
R01BA02;L01XB01
R01BA52;L01XB01
R01BA02;N04BD01
R01BA52;N04BD01
N06BA01;N06AF04
N06BA01;N06CA03
N06BA01;N06AF03
N06BA01;N06AF01
N06BA01;L01XB01
N06BA01;N04BD01
A08AA03;N06AF04
A08AA03;N06CA03
A08AA53;N06AF04
A08AA53;N06CA03
A08AA03;N06AF03
A08AA53;N06AF03
A08AA03;N06AF01
A08AA53;N06AF01
A08AA03;L01XB01
A08AA53;L01XB01
A08AA03;N04BD01
A08AA53;N04BD01
A08AA01;N06AF04
A08AA01;N06CA03
A08AA01;N06AF03
A08AA01;N06AF01
A08AA01;L01XB01
A08AA01;N04BD01
N06BA09;N06AF04
N06BA09;N06CA03
N06BA09;N06AF03
N06BA09;N06AF01
N06BA09;L01XB01
N06BA09;N04BD01
