N02AB02;N06AF04
N02AB02;N06CA03
N02AB52;N06AF04
N02AB52;N06CA03
N02AB72;N06AF04
N02AB72;N06CA03
N02AB02;N06AF03
N02AB52;N06AF03
N02AB72;N06AF03
N02AB02;N06AF01
N02AB52;N06AF01
N02AB72;N06AF01
N02AB02;N04BD01
N02AB52;N04BD01
N02AB72;N04BD01
N02AB02;L01XB01
N02AB52;L01XB01
N02AB72;L01XB01
N07BC02;N06AF04
N07BC02;N06CA03
N02AC52;N06AF04
N02AC52;N06CA03
V04CN05;N06AF04
V04CN05;N06CA03
V70AA01;N06AF04
V70AA01;N06CA03
N07BC02;N06AF03
N02AC52;N06AF03
V04CN05;N06AF03
V70AA01;N06AF03
N07BC02;N06AF01
N02AC52;N06AF01
V04CN05;N06AF01
V70AA01;N06AF01
N07BC02;N04BD01
N02AC52;N04BD01
V04CN05;N04BD01
V70AA01;N04BD01
N07BC02;L01XB01
N02AC52;L01XB01
V04CN05;L01XB01
V70AA01;L01XB01
N01AH01;N06AF04
N01AH01;N06CA03
N01AH51;N06AF04
N01AH51;N06CA03
N01AH01;N06AF03
N01AH51;N06AF03
N01AH01;N06AF01
N01AH51;N06AF01
N01AH01;N04BD01
N01AH51;N04BD01
N01AH01;L01XB01
N01AH51;L01XB01
N02AX02;N06AF04
N02AX02;N06CA03
N02AX52;N06AF04
N02AX52;N06CA03
N02AX02;N06AF03
N02AX52;N06AF03
N02AX02;N06AF01
N02AX52;N06AF01
N02AX02;N04BD01
N02AX52;N04BD01
N02AX02;L01XB01
N02AX52;L01XB01
R05DA09;N06AF04
R05DA09;N06CA03
R05DA59;N06AF04
R05DA59;N06CA03
R05DA09;N06AF03
R05DA59;N06AF03
R05DA09;N06AF01
R05DA59;N06AF01
R05DA09;N04BD01
R05DA59;N04BD01
R05DA09;L01XB01
R05DA59;L01XB01
