C01BA01;N06AA09
C01BA01;N06AA04
C01BA01;R05DA04
C01BA01;N06AA01
C01BA01;N06AA12
C01BA01;N06AA02
C01BA01;N06AA10
C01BA01;N06AA06
C01BA01;N05AX12
C01BA01;N06BA09
C01BA01;C07AG02
C01BA01;N05AH02
C01BA01;R05DA04
C01BA01;N06AX21
C01BA01;C01BC04
C01BA01;N05AF01
C01BA01;N05AD01
C01BA01;C07AB02
C01BA01;N06AX11
C01BA01;N05AH03
C01BA01;N02AA05
C01BA01;N06AB05
C01BA01;C01BC03
C01BA01;N05AX08
C01BA01;L02BA01
C01BA01;N02AX02
C01BA01;N06AX16
C01BA01;N05AF05
N06AB03;N06AA09
N06AB03;N06AA04
N06AB03;R05DA04
N06AB03;N06AA01
N06AB03;N06AA12
N06AB03;N06AA02
N06AB03;N06AA10
N06AB03;N06AA06
N06AB03;N05AX12
N06AB03;N06BA09
N06AB03;C07AG02
N06AB03;N05AH02
N06AB03;R05DA04
N06AB03;N06AX21
N06AB03;C01BC04
N06AB03;N05AF01
N06AB03;N05AD01
N06AB03;C07AB02
N06AB03;N06AX11
N06AB03;N05AH03
N06AB03;N02AA05
N06AB03;N06AB05
N06AB03;C01BC03
N06AB03;N05AX08
N06AB03;L02BA01
N06AB03;N02AX02
N06AB03;N06AX16
N06AB03;N05AF05
N06AB05;N06AA09
N06AB05;N06AA04
N06AB05;R05DA04
N06AB05;N06AA01
N06AB05;N06AA12
N06AB05;N06AA02
N06AB05;N06AA10
N06AB05;N06AA06
N06AB05;N05AX12
N06AB05;N06BA09
N06AB05;C07AG02
N06AB05;N05AH02
N06AB05;R05DA04
N06AB05;N06AX21
N06AB05;C01BC04
N06AB05;N05AF01
N06AB05;N05AD01
N06AB05;C07AB02
N06AB05;N06AX11
N06AB05;N05AH03
N06AB05;N02AA05
N06AB05;N06AB05
N06AB05;C01BC03
N06AB05;N05AX08
N06AB05;L02BA01
N06AB05;N02AX02
N06AB05;N06AX16
N06AB05;N05AF05
N06AX12;N06AA09
N06AX12;N06AA04
N06AX12;R05DA04
N06AX12;N06AA01
N06AX12;N06AA12
N06AX12;N06AA02
N06AX12;N06AA10
N06AX12;N06AA06
N06AX12;N05AX12
N06AX12;N06BA09
N06AX12;C07AG02
N06AX12;N05AH02
N06AX12;R05DA04
N06AX12;N06AX21
N06AX12;C01BC04
N06AX12;N05AF01
N06AX12;N05AD01
N06AX12;C07AB02
N06AX12;N06AX11
N06AX12;N05AH03
N06AX12;N02AA05
N06AX12;N06AB05
N06AX12;C01BC03
N06AX12;N05AX08
N06AX12;L02BA01
N06AX12;N02AX02
N06AX12;N06AX16
N06AX12;N05AF05
H05BX01;N06AA09
H05BX01;N06AA04
H05BX01;R05DA04
H05BX01;N06AA01
H05BX01;N06AA12
H05BX01;N06AA02
H05BX01;N06AA10
H05BX01;N06AA06
H05BX01;N05AX12
H05BX01;N06BA09
H05BX01;C07AG02
H05BX01;N05AH02
H05BX01;R05DA04
H05BX01;N06AX21
H05BX01;C01BC04
H05BX01;N05AF01
H05BX01;N05AD01
H05BX01;C07AB02
H05BX01;N06AX11
H05BX01;N05AH03
H05BX01;N02AA05
H05BX01;N06AB05
H05BX01;C01BC03
H05BX01;N05AX08
H05BX01;L02BA01
H05BX01;N02AX02
H05BX01;N06AX16
H05BX01;N05AF05
N06AX21;N06AA09
N06AX21;N06AA04
N06AX21;R05DA04
N06AX21;N06AA01
N06AX21;N06AA12
N06AX21;N06AA02
N06AX21;N06AA10
N06AX21;N06AA06
N06AX21;N05AX12
N06AX21;N06BA09
N06AX21;C07AG02
N06AX21;N05AH02
N06AX21;R05DA04
N06AX21;N06AX21
N06AX21;C01BC04
N06AX21;N05AF01
N06AX21;N05AD01
N06AX21;C07AB02
N06AX21;N06AX11
N06AX21;N05AH03
N06AX21;N02AA05
N06AX21;N06AB05
N06AX21;C01BC03
N06AX21;N05AX08
N06AX21;L02BA01
N06AX21;N02AX02
N06AX21;N06AX16
N06AX21;N05AF05
N06AB06;N06AA09
N06AB06;N06AA04
N06AB06;R05DA04
N06AB06;N06AA01
N06AB06;N06AA12
N06AB06;N06AA02
N06AB06;N06AA10
N06AB06;N06AA06
N06AB06;N05AX12
N06AB06;N06BA09
N06AB06;C07AG02
N06AB06;N05AH02
N06AB06;R05DA04
N06AB06;N06AX21
N06AB06;C01BC04
N06AB06;N05AF01
N06AB06;N05AD01
N06AB06;C07AB02
N06AB06;N06AX11
N06AB06;N05AH03
N06AB06;N02AA05
N06AB06;N06AB05
N06AB06;C01BC03
N06AB06;N05AX08
N06AB06;L02BA01
N06AB06;N02AX02
N06AB06;N06AX16
N06AB06;N05AF05
D01BA02;N06AA09
D01BA02;N06AA04
D01BA02;R05DA04
D01BA02;N06AA01
D01BA02;N06AA12
D01BA02;N06AA02
D01BA02;N06AA10
D01BA02;N06AA06
D01BA02;N05AX12
D01BA02;N06BA09
D01BA02;C07AG02
D01BA02;N05AH02
D01BA02;R05DA04
D01BA02;N06AX21
D01BA02;C01BC04
D01BA02;N05AF01
D01BA02;N05AD01
D01BA02;C07AB02
D01BA02;N06AX11
D01BA02;N05AH03
D01BA02;N02AA05
D01BA02;N06AB05
D01BA02;C01BC03
D01BA02;N05AX08
D01BA02;L02BA01
D01BA02;N02AX02
D01BA02;N06AX16
D01BA02;N05AF05
C01BD01;N06AA09
C01BD01;N06AA04
C01BD01;R05DA04
C01BD01;N06AA01
C01BD01;N06AA12
C01BD01;N06AA02
C01BD01;N06AA10
C01BD01;N06AA06
C01BD01;N05AX12
C01BD01;N06BA09
C01BD01;C07AG02
C01BD01;N05AH02
C01BD01;R05DA04
C01BD01;N06AX21
C01BD01;C01BC04
C01BD01;N05AF01
C01BD01;N05AD01
C01BD01;C07AB02
C01BD01;N06AX11
C01BD01;N05AH03
C01BD01;N02AA05
C01BD01;N06AB05
C01BD01;C01BC03
C01BD01;N05AX08
C01BD01;L02BA01
C01BD01;N02AX02
C01BD01;N06AX16
C01BD01;N05AF05
A02BA01;N06AA09
A02BA01;N06AA04
A02BA01;R05DA04
A02BA01;N06AA01
A02BA01;N06AA12
A02BA01;N06AA02
A02BA01;N06AA10
A02BA01;N06AA06
A02BA01;N05AX12
A02BA01;N06BA09
A02BA01;C07AG02
A02BA01;N05AH02
A02BA01;R05DA04
A02BA01;N06AX21
A02BA01;C01BC04
A02BA01;N05AF01
A02BA01;N05AD01
A02BA01;C07AB02
A02BA01;N06AX11
A02BA01;N05AH03
A02BA01;N02AA05
A02BA01;N06AB05
A02BA01;C01BC03
A02BA01;N05AX08
A02BA01;L02BA01
A02BA01;N02AX02
A02BA01;N06AX16
A02BA01;N05AF05
R06AB02;N06AA09
R06AB02;N06AA04
R06AB02;R05DA04
R06AB02;N06AA01
R06AB02;N06AA12
R06AB02;N06AA02
R06AB02;N06AA10
R06AB02;N06AA06
R06AB02;N05AX12
R06AB02;N06BA09
R06AB02;C07AG02
R06AB02;N05AH02
R06AB02;R05DA04
R06AB02;N06AX21
R06AB02;C01BC04
R06AB02;N05AF01
R06AB02;N05AD01
R06AB02;C07AB02
R06AB02;N06AX11
R06AB02;N05AH03
R06AB02;N02AA05
R06AB02;N06AB05
R06AB02;C01BC03
R06AB02;N05AX08
R06AB02;L02BA01
R06AB02;N02AX02
R06AB02;N06AX16
R06AB02;N05AF05
N05AA01;N06AA09
N05AA01;N06AA04
N05AA01;R05DA04
N05AA01;N06AA01
N05AA01;N06AA12
N05AA01;N06AA02
N05AA01;N06AA10
N05AA01;N06AA06
N05AA01;N05AX12
N05AA01;N06BA09
N05AA01;C07AG02
N05AA01;N05AH02
N05AA01;R05DA04
N05AA01;N06AX21
N05AA01;C01BC04
N05AA01;N05AF01
N05AA01;N05AD01
N05AA01;C07AB02
N05AA01;N06AX11
N05AA01;N05AH03
N05AA01;N02AA05
N05AA01;N06AB05
N05AA01;C01BC03
N05AA01;N05AX08
N05AA01;L02BA01
N05AA01;N02AX02
N05AA01;N06AX16
N05AA01;N05AF05
N06AB04;N06AA09
N06AB04;N06AA04
N06AB04;R05DA04
N06AB04;N06AA01
N06AB04;N06AA12
N06AB04;N06AA02
N06AB04;N06AA10
N06AB04;N06AA06
N06AB04;N05AX12
N06AB04;N06BA09
N06AB04;C07AG02
N06AB04;N05AH02
N06AB04;R05DA04
N06AB04;N06AX21
N06AB04;C01BC04
N06AB04;N05AF01
N06AB04;N05AD01
N06AB04;C07AB02
N06AB04;N06AX11
N06AB04;N05AH03
N06AB04;N02AA05
N06AB04;N06AB05
N06AB04;C01BC03
N06AB04;N05AX08
N06AB04;L02BA01
N06AB04;N02AX02
N06AB04;N06AX16
N06AB04;N05AF05
R06AA04;N06AA09
R06AA04;N06AA04
R06AA04;R05DA04
R06AA04;N06AA01
R06AA04;N06AA12
R06AA04;N06AA02
R06AA04;N06AA10
R06AA04;N06AA06
R06AA04;N05AX12
R06AA04;N06BA09
R06AA04;C07AG02
R06AA04;N05AH02
R06AA04;R05DA04
R06AA04;N06AX21
R06AA04;C01BC04
R06AA04;N05AF01
R06AA04;N05AD01
R06AA04;C07AB02
R06AA04;N06AX11
R06AA04;N05AH03
R06AA04;N02AA05
R06AA04;N06AB05
R06AA04;C01BC03
R06AA04;N05AX08
R06AA04;L02BA01
R06AA04;N02AX02
R06AA04;N06AX16
R06AA04;N05AF05
N06AA04;N06AA09
N06AA04;N06AA04
N06AA04;R05DA04
N06AA04;N06AA01
N06AA04;N06AA12
N06AA04;N06AA02
N06AA04;N06AA10
N06AA04;N06AA06
N06AA04;N05AX12
N06AA04;N06BA09
N06AA04;C07AG02
N06AA04;N05AH02
N06AA04;R05DA04
N06AA04;N06AX21
N06AA04;C01BC04
N06AA04;N05AF01
N06AA04;N05AD01
N06AA04;C07AB02
N06AA04;N06AX11
N06AA04;N05AH03
N06AA04;N02AA05
N06AA04;N06AB05
N06AA04;C01BC03
N06AA04;N05AX08
N06AA04;L02BA01
N06AA04;N02AX02
N06AA04;N06AX16
N06AA04;N05AF05
N01BC01;N06AA09
N01BC01;N06AA04
N01BC01;R05DA04
N01BC01;N06AA01
N01BC01;N06AA12
N01BC01;N06AA02
N01BC01;N06AA10
N01BC01;N06AA06
N01BC01;N05AX12
N01BC01;N06BA09
N01BC01;C07AG02
N01BC01;N05AH02
N01BC01;R05DA04
N01BC01;N06AX21
N01BC01;C01BC04
N01BC01;N05AF01
N01BC01;N05AD01
N01BC01;C07AB02
N01BC01;N06AX11
N01BC01;N05AH03
N01BC01;N02AA05
N01BC01;N06AB05
N01BC01;C01BC03
N01BC01;N05AX08
N01BC01;L02BA01
N01BC01;N02AX02
N01BC01;N06AX16
N01BC01;N05AF05
R06AA02;N06AA09
R06AA02;N06AA04
R06AA02;R05DA04
R06AA02;N06AA01
R06AA02;N06AA12
R06AA02;N06AA02
R06AA02;N06AA10
R06AA02;N06AA06
R06AA02;N05AX12
R06AA02;N06BA09
R06AA02;C07AG02
R06AA02;N05AH02
R06AA02;R05DA04
R06AA02;N06AX21
R06AA02;C01BC04
R06AA02;N05AF01
R06AA02;N05AD01
R06AA02;C07AB02
R06AA02;N06AX11
R06AA02;N05AH03
R06AA02;N02AA05
R06AA02;N06AB05
R06AA02;C01BC03
R06AA02;N05AX08
R06AA02;L02BA01
R06AA02;N02AX02
R06AA02;N06AX16
R06AA02;N05AF05
N06AA12;N06AA09
N06AA12;N06AA04
N06AA12;R05DA04
N06AA12;N06AA01
N06AA12;N06AA12
N06AA12;N06AA02
N06AA12;N06AA10
N06AA12;N06AA06
N06AA12;N05AX12
N06AA12;N06BA09
N06AA12;C07AG02
N06AA12;N05AH02
N06AA12;R05DA04
N06AA12;N06AX21
N06AA12;C01BC04
N06AA12;N05AF01
N06AA12;N05AD01
N06AA12;C07AB02
N06AA12;N06AX11
N06AA12;N05AH03
N06AA12;N02AA05
N06AA12;N06AB05
N06AA12;C01BC03
N06AA12;N05AX08
N06AA12;L02BA01
N06AA12;N02AX02
N06AA12;N06AX16
N06AA12;N05AF05
L01DB01;N06AA09
L01DB01;N06AA04
L01DB01;R05DA04
L01DB01;N06AA01
L01DB01;N06AA12
L01DB01;N06AA02
L01DB01;N06AA10
L01DB01;N06AA06
L01DB01;N05AX12
L01DB01;N06BA09
L01DB01;C07AG02
L01DB01;N05AH02
L01DB01;R05DA04
L01DB01;N06AX21
L01DB01;C01BC04
L01DB01;N05AF01
L01DB01;N05AD01
L01DB01;C07AB02
L01DB01;N06AX11
L01DB01;N05AH03
L01DB01;N02AA05
L01DB01;N06AB05
L01DB01;C01BC03
L01DB01;N05AX08
L01DB01;L02BA01
L01DB01;N02AX02
L01DB01;N06AX16
L01DB01;N05AF05
N06AB10;N06AA09
N06AB10;N06AA04
N06AB10;R05DA04
N06AB10;N06AA01
N06AB10;N06AA12
N06AB10;N06AA02
N06AB10;N06AA10
N06AB10;N06AA06
N06AB10;N05AX12
N06AB10;N06BA09
N06AB10;C07AG02
N06AB10;N05AH02
N06AB10;R05DA04
N06AB10;N06AX21
N06AB10;C01BC04
N06AB10;N05AF01
N06AB10;N05AD01
N06AB10;C07AB02
N06AB10;N06AX11
N06AB10;N05AH03
N06AB10;N02AA05
N06AB10;N06AB05
N06AB10;C01BC03
N06AB10;N05AX08
N06AB10;L02BA01
N06AB10;N02AX02
N06AB10;N06AX16
N06AB10;N05AF05
P01BX01;N06AA09
P01BX01;N06AA04
P01BX01;R05DA04
P01BX01;N06AA01
P01BX01;N06AA12
P01BX01;N06AA02
P01BX01;N06AA10
P01BX01;N06AA06
P01BX01;N05AX12
P01BX01;N06BA09
P01BX01;C07AG02
P01BX01;N05AH02
P01BX01;R05DA04
P01BX01;N06AX21
P01BX01;C01BC04
P01BX01;N05AF01
P01BX01;N05AD01
P01BX01;C07AB02
P01BX01;N06AX11
P01BX01;N05AH03
P01BX01;N02AA05
P01BX01;N06AB05
P01BX01;C01BC03
P01BX01;N05AX08
P01BX01;L02BA01
P01BX01;N02AX02
P01BX01;N06AX16
P01BX01;N05AF05
N05AD01;N06AA09
N05AD01;N06AA04
N05AD01;R05DA04
N05AD01;N06AA01
N05AD01;N06AA12
N05AD01;N06AA02
N05AD01;N06AA10
N05AD01;N06AA06
N05AD01;N05AX12
N05AD01;N06BA09
N05AD01;C07AG02
N05AD01;N05AH02
N05AD01;R05DA04
N05AD01;N06AX21
N05AD01;C01BC04
N05AD01;N05AF01
N05AD01;N05AD01
N05AD01;C07AB02
N05AD01;N06AX11
N05AD01;N05AH03
N05AD01;N02AA05
N05AD01;N06AB05
N05AD01;C01BC03
N05AD01;N05AX08
N05AD01;L02BA01
N05AD01;N02AX02
N05AD01;N06AX16
N05AD01;N05AF05
N05BB01;N06AA09
N05BB01;N06AA04
N05BB01;R05DA04
N05BB01;N06AA01
N05BB01;N06AA12
N05BB01;N06AA02
N05BB01;N06AA10
N05BB01;N06AA06
N05BB01;N05AX12
N05BB01;N06BA09
N05BB01;C07AG02
N05BB01;N05AH02
N05BB01;R05DA04
N05BB01;N06AX21
N05BB01;C01BC04
N05BB01;N05AF01
N05BB01;N05AD01
N05BB01;C07AB02
N05BB01;N06AX11
N05BB01;N05AH03
N05BB01;N02AA05
N05BB01;N06AB05
N05BB01;C01BC03
N05BB01;N05AX08
N05BB01;L02BA01
N05BB01;N02AX02
N05BB01;N06AX16
N05BB01;N05AF05
A03FA01;N06AA09
A03FA01;N06AA04
A03FA01;R05DA04
A03FA01;N06AA01
A03FA01;N06AA12
A03FA01;N06AA02
A03FA01;N06AA10
A03FA01;N06AA06
A03FA01;N05AX12
A03FA01;N06BA09
A03FA01;C07AG02
A03FA01;N05AH02
A03FA01;R05DA04
A03FA01;N06AX21
A03FA01;C01BC04
A03FA01;N05AF01
A03FA01;N05AD01
A03FA01;C07AB02
A03FA01;N06AX11
A03FA01;N05AH03
A03FA01;N02AA05
A03FA01;N06AB05
A03FA01;C01BC03
A03FA01;N05AX08
A03FA01;L02BA01
A03FA01;N02AX02
A03FA01;N06AX16
A03FA01;N05AF05
C08CX01;N06AA09
C08CX01;N06AA04
C08CX01;R05DA04
C08CX01;N06AA01
C08CX01;N06AA12
C08CX01;N06AA02
C08CX01;N06AA10
C08CX01;N06AA06
C08CX01;N05AX12
C08CX01;N06BA09
C08CX01;C07AG02
C08CX01;N05AH02
C08CX01;R05DA04
C08CX01;N06AX21
C08CX01;C01BC04
C08CX01;N05AF01
C08CX01;N05AD01
C08CX01;C07AB02
C08CX01;N06AX11
C08CX01;N05AH03
C08CX01;N02AA05
C08CX01;N06AB05
C08CX01;C01BC03
C08CX01;N05AX08
C08CX01;L02BA01
C08CX01;N02AX02
C08CX01;N06AX16
C08CX01;N05AF05
C01CA17;N06AA09
C01CA17;N06AA04
C01CA17;R05DA04
C01CA17;N06AA01
C01CA17;N06AA12
C01CA17;N06AA02
C01CA17;N06AA10
C01CA17;N06AA06
C01CA17;N05AX12
C01CA17;N06BA09
C01CA17;C07AG02
C01CA17;N05AH02
C01CA17;R05DA04
C01CA17;N06AX21
C01CA17;C01BC04
C01CA17;N05AF01
C01CA17;N05AD01
C01CA17;C07AB02
C01CA17;N06AX11
C01CA17;N05AH03
C01CA17;N02AA05
C01CA17;N06AB05
C01CA17;C01BC03
C01CA17;N05AX08
C01CA17;L02BA01
C01CA17;N02AX02
C01CA17;N06AX16
C01CA17;N05AF05
N06AG02;N06AA09
N06AG02;N06AA04
N06AG02;R05DA04
N06AG02;N06AA01
N06AG02;N06AA12
N06AG02;N06AA02
N06AG02;N06AA10
N06AG02;N06AA06
N06AG02;N05AX12
N06AG02;N06BA09
N06AG02;C07AG02
N06AG02;N05AH02
N06AG02;R05DA04
N06AG02;N06AX21
N06AG02;C01BC04
N06AG02;N05AF01
N06AG02;N05AD01
N06AG02;C07AB02
N06AG02;N06AX11
N06AG02;N05AH03
N06AG02;N02AA05
N06AG02;N06AB05
N06AG02;C01BC03
N06AG02;N05AX08
N06AG02;L02BA01
N06AG02;N02AX02
N06AG02;N06AX16
N06AG02;N05AF05
N05AB03;N06AA09
N05AB03;N06AA04
N05AB03;R05DA04
N05AB03;N06AA01
N05AB03;N06AA12
N05AB03;N06AA02
N05AB03;N06AA10
N05AB03;N06AA06
N05AB03;N05AX12
N05AB03;N06BA09
N05AB03;C07AG02
N05AB03;N05AH02
N05AB03;R05DA04
N05AB03;N06AX21
N05AB03;C01BC04
N05AB03;N05AF01
N05AB03;N05AD01
N05AB03;C07AB02
N05AB03;N06AX11
N05AB03;N05AH03
N05AB03;N02AA05
N05AB03;N06AB05
N05AB03;C01BC03
N05AB03;N05AX08
N05AB03;L02BA01
N05AB03;N02AX02
N05AB03;N06AX16
N05AB03;N05AF05
R06AD02;N06AA09
R06AD02;N06AA04
R06AD02;R05DA04
R06AD02;N06AA01
R06AD02;N06AA12
R06AD02;N06AA02
R06AD02;N06AA10
R06AD02;N06AA06
R06AD02;N05AX12
R06AD02;N06BA09
R06AD02;C07AG02
R06AD02;N05AH02
R06AD02;R05DA04
R06AD02;N06AX21
R06AD02;C01BC04
R06AD02;N05AF01
R06AD02;N05AD01
R06AD02;C07AB02
R06AD02;N06AX11
R06AD02;N05AH03
R06AD02;N02AA05
R06AD02;N06AB05
R06AD02;C01BC03
R06AD02;N05AX08
R06AD02;L02BA01
R06AD02;N02AX02
R06AD02;N06AX16
R06AD02;N05AF05
A02BA02;N06AA09
A02BA02;N06AA04
A02BA02;R05DA04
A02BA02;N06AA01
A02BA02;N06AA12
A02BA02;N06AA02
A02BA02;N06AA10
A02BA02;N06AA06
A02BA02;N05AX12
A02BA02;N06BA09
A02BA02;C07AG02
A02BA02;N05AH02
A02BA02;R05DA04
A02BA02;N06AX21
A02BA02;C01BC04
A02BA02;N05AF01
A02BA02;N05AD01
A02BA02;C07AB02
A02BA02;N06AX11
A02BA02;N05AH03
A02BA02;N02AA05
A02BA02;N06AB05
A02BA02;C01BC03
A02BA02;N05AX08
A02BA02;L02BA01
A02BA02;N02AX02
A02BA02;N06AX16
A02BA02;N05AF05
J05AE03;N06AA09
J05AE03;N06AA04
J05AE03;R05DA04
J05AE03;N06AA01
J05AE03;N06AA12
J05AE03;N06AA02
J05AE03;N06AA10
J05AE03;N06AA06
J05AE03;N05AX12
J05AE03;N06BA09
J05AE03;C07AG02
J05AE03;N05AH02
J05AE03;R05DA04
J05AE03;N06AX21
J05AE03;C01BC04
J05AE03;N05AF01
J05AE03;N05AD01
J05AE03;C07AB02
J05AE03;N06AX11
J05AE03;N05AH03
J05AE03;N02AA05
J05AE03;N06AB05
J05AE03;C01BC03
J05AE03;N05AX08
J05AE03;L02BA01
J05AE03;N02AX02
J05AE03;N06AX16
J05AE03;N05AF05
B01AC05;N06AA09
B01AC05;N06AA04
B01AC05;R05DA04
B01AC05;N06AA01
B01AC05;N06AA12
B01AC05;N06AA02
B01AC05;N06AA10
B01AC05;N06AA06
B01AC05;N05AX12
B01AC05;N06BA09
B01AC05;C07AG02
B01AC05;N05AH02
B01AC05;R05DA04
B01AC05;N06AX21
B01AC05;C01BC04
B01AC05;N05AF01
B01AC05;N05AD01
B01AC05;C07AB02
B01AC05;N06AX11
B01AC05;N05AH03
B01AC05;N02AA05
B01AC05;N06AB05
B01AC05;C01BC03
B01AC05;N05AX08
B01AC05;L02BA01
B01AC05;N02AX02
B01AC05;N06AX16
B01AC05;N05AF05
R06AC04;N06AA09
R06AC04;N06AA04
R06AC04;R05DA04
R06AC04;N06AA01
R06AC04;N06AA12
R06AC04;N06AA02
R06AC04;N06AA10
R06AC04;N06AA06
R06AC04;N05AX12
R06AC04;N06BA09
R06AC04;C07AG02
R06AC04;N05AH02
R06AC04;R05DA04
R06AC04;N06AX21
R06AC04;C01BC04
R06AC04;N05AF01
R06AC04;N05AD01
R06AC04;C07AB02
R06AC04;N06AX11
R06AC04;N05AH03
R06AC04;N02AA05
R06AC04;N06AB05
R06AC04;C01BC03
R06AC04;N05AX08
R06AC04;L02BA01
R06AC04;N02AX02
R06AC04;N06AX16
R06AC04;N05AF05
N05AA02;N06AA09
N05AA02;N06AA04
N05AA02;R05DA04
N05AA02;N06AA01
N05AA02;N06AA12
N05AA02;N06AA02
N05AA02;N06AA10
N05AA02;N06AA06
N05AA02;N05AX12
N05AA02;N06BA09
N05AA02;C07AG02
N05AA02;N05AH02
N05AA02;R05DA04
N05AA02;N06AX21
N05AA02;C01BC04
N05AA02;N05AF01
N05AA02;N05AD01
N05AA02;C07AB02
N05AA02;N06AX11
N05AA02;N05AH03
N05AA02;N02AA05
N05AA02;N06AB05
N05AA02;C01BC03
N05AA02;N05AX08
N05AA02;L02BA01
N05AA02;N02AX02
N05AA02;N06AX16
N05AA02;N05AF05
N07BC02;N06AA09
N07BC02;N06AA04
N07BC02;R05DA04
N07BC02;N06AA01
N07BC02;N06AA12
N07BC02;N06AA02
N07BC02;N06AA10
N07BC02;N06AA06
N07BC02;N05AX12
N07BC02;N06BA09
N07BC02;C07AG02
N07BC02;N05AH02
N07BC02;R05DA04
N07BC02;N06AX21
N07BC02;C01BC04
N07BC02;N05AF01
N07BC02;N05AD01
N07BC02;C07AB02
N07BC02;N06AX11
N07BC02;N05AH03
N07BC02;N02AA05
N07BC02;N06AB05
N07BC02;C01BC03
N07BC02;N05AX08
N07BC02;L02BA01
N07BC02;N02AX02
N07BC02;N06AX16
N07BC02;N05AF05
N05AD02;N06AA09
N05AD02;N06AA04
N05AD02;R05DA04
N05AD02;N06AA01
N05AD02;N06AA12
N05AD02;N06AA02
N05AD02;N06AA10
N05AD02;N06AA06
N05AD02;N05AX12
N05AD02;N06BA09
N05AD02;C07AG02
N05AD02;N05AH02
N05AD02;R05DA04
N05AD02;N06AX21
N05AD02;C01BC04
N05AD02;N05AF01
N05AD02;N05AD01
N05AD02;C07AB02
N05AD02;N06AX11
N05AD02;N05AH03
N05AD02;N02AA05
N05AD02;N06AB05
N05AD02;C01BC03
N05AD02;N05AX08
N05AD02;L02BA01
N05AD02;N02AX02
N05AD02;N06AX16
N05AD02;N05AF05
L02BX03;N06AA09
L02BX03;N06AA04
L02BX03;R05DA04
L02BX03;N06AA01
L02BX03;N06AA12
L02BX03;N06AA02
L02BX03;N06AA10
L02BX03;N06AA06
L02BX03;N05AX12
L02BX03;N06BA09
L02BX03;C07AG02
L02BX03;N05AH02
L02BX03;R05DA04
L02BX03;N06AX21
L02BX03;C01BC04
L02BX03;N05AF01
L02BX03;N05AD01
L02BX03;C07AB02
L02BX03;N06AX11
L02BX03;N05AH03
L02BX03;N02AA05
L02BX03;N06AB05
L02BX03;C01BC03
L02BX03;N05AX08
L02BX03;L02BA01
L02BX03;N02AX02
L02BX03;N06AX16
L02BX03;N05AF05
N05AH05;N06AA09
N05AH05;N06AA04
N05AH05;R05DA04
N05AH05;N06AA01
N05AH05;N06AA12
N05AH05;N06AA02
N05AH05;N06AA10
N05AH05;N06AA06
N05AH05;N05AX12
N05AH05;N06BA09
N05AH05;C07AG02
N05AH05;N05AH02
N05AH05;R05DA04
N05AH05;N06AX21
N05AH05;C01BC04
N05AH05;N05AF01
N05AH05;N05AD01
N05AH05;C07AB02
N05AH05;N06AX11
N05AH05;N05AH03
N05AH05;N02AA05
N05AH05;N06AB05
N05AH05;C01BC03
N05AH05;N05AX08
N05AH05;L02BA01
N05AH05;N02AX02
N05AH05;N06AX16
N05AH05;N05AF05
C07AG02;N06AA09
C07AG02;N06AA04
C07AG02;R05DA04
C07AG02;N06AA01
C07AG02;N06AA12
C07AG02;N06AA02
C07AG02;N06AA10
C07AG02;N06AA06
C07AG02;N05AX12
C07AG02;N06BA09
C07AG02;C07AG02
C07AG02;N05AH02
C07AG02;R05DA04
C07AG02;N06AX21
C07AG02;C01BC04
C07AG02;N05AF01
C07AG02;N05AD01
C07AG02;C07AB02
C07AG02;N06AX11
C07AG02;N05AH03
C07AG02;N02AA05
C07AG02;N06AB05
C07AG02;C01BC03
C07AG02;N05AX08
C07AG02;L02BA01
C07AG02;N02AX02
C07AG02;N06AX16
C07AG02;N05AF05
P01BA01;N06AA09
P01BA01;N06AA04
P01BA01;R05DA04
P01BA01;N06AA01
P01BA01;N06AA12
P01BA01;N06AA02
P01BA01;N06AA10
P01BA01;N06AA06
P01BA01;N05AX12
P01BA01;N06BA09
P01BA01;C07AG02
P01BA01;N05AH02
P01BA01;R05DA04
P01BA01;N06AX21
P01BA01;C01BC04
P01BA01;N05AF01
P01BA01;N05AD01
P01BA01;C07AB02
P01BA01;N06AX11
P01BA01;N05AH03
P01BA01;N02AA05
P01BA01;N06AB05
P01BA01;C01BC03
P01BA01;N05AX08
P01BA01;L02BA01
P01BA01;N02AX02
P01BA01;N06AX16
P01BA01;N05AF05
N05BA09;N06AA09
N05BA09;N06AA04
N05BA09;R05DA04
N05BA09;N06AA01
N05BA09;N06AA12
N05BA09;N06AA02
N05BA09;N06AA10
N05BA09;N06AA06
N05BA09;N05AX12
N05BA09;N06BA09
N05BA09;C07AG02
N05BA09;N05AH02
N05BA09;R05DA04
N05BA09;N06AX21
N05BA09;C01BC04
N05BA09;N05AF01
N05BA09;N05AD01
N05BA09;C07AB02
N05BA09;N06AX11
N05BA09;N05AH03
N05BA09;N02AA05
N05BA09;N06AB05
N05BA09;C01BC03
N05BA09;N05AX08
N05BA09;L02BA01
N05BA09;N02AX02
N05BA09;N06AX16
N05BA09;N05AF05
V03AX03;N06AA09
V03AX03;N06AA04
V03AX03;R05DA04
V03AX03;N06AA01
V03AX03;N06AA12
V03AX03;N06AA02
V03AX03;N06AA10
V03AX03;N06AA06
V03AX03;N05AX12
V03AX03;N06BA09
V03AX03;C07AG02
V03AX03;N05AH02
V03AX03;R05DA04
V03AX03;N06AX21
V03AX03;C01BC04
V03AX03;N05AF01
V03AX03;N05AD01
V03AX03;C07AB02
V03AX03;N06AX11
V03AX03;N05AH03
V03AX03;N02AA05
V03AX03;N06AB05
V03AX03;C01BC03
V03AX03;N05AX08
V03AX03;L02BA01
V03AX03;N02AX02
V03AX03;N06AX16
V03AX03;N05AF05
G04BD10;N06AA09
G04BD10;N06AA04
G04BD10;R05DA04
G04BD10;N06AA01
G04BD10;N06AA12
G04BD10;N06AA02
G04BD10;N06AA10
G04BD10;N06AA06
G04BD10;N05AX12
G04BD10;N06BA09
G04BD10;C07AG02
G04BD10;N05AH02
G04BD10;R05DA04
G04BD10;N06AX21
G04BD10;C01BC04
G04BD10;N05AF01
G04BD10;N05AD01
G04BD10;C07AB02
G04BD10;N06AX11
G04BD10;N05AH03
G04BD10;N02AA05
G04BD10;N06AB05
G04BD10;C01BC03
G04BD10;N05AX08
G04BD10;L02BA01
G04BD10;N02AX02
G04BD10;N06AX16
G04BD10;N05AF05
N06AX23;N06AA09
N06AX23;N06AA04
N06AX23;R05DA04
N06AX23;N06AA01
N06AX23;N06AA12
N06AX23;N06AA02
N06AX23;N06AA10
N06AX23;N06AA06
N06AX23;N05AX12
N06AX23;N06BA09
N06AX23;C07AG02
N06AX23;N05AH02
N06AX23;R05DA04
N06AX23;N06AX21
N06AX23;C01BC04
N06AX23;N05AF01
N06AX23;N05AD01
N06AX23;C07AB02
N06AX23;N06AX11
N06AX23;N05AH03
N06AX23;N02AA05
N06AX23;N06AB05
N06AX23;C01BC03
N06AX23;N05AX08
N06AX23;L02BA01
N06AX23;N02AX02
N06AX23;N06AX16
N06AX23;N05AF05
C01BD07;N06AA09
C01BD07;N06AA04
C01BD07;R05DA04
C01BD07;N06AA01
C01BD07;N06AA12
C01BD07;N06AA02
C01BD07;N06AA10
C01BD07;N06AA06
C01BD07;N05AX12
C01BD07;N06BA09
C01BD07;C07AG02
C01BD07;N05AH02
C01BD07;R05DA04
C01BD07;N06AX21
C01BD07;C01BC04
C01BD07;N05AF01
C01BD07;N05AD01
C01BD07;C07AB02
C01BD07;N06AX11
C01BD07;N05AH03
C01BD07;N02AA05
C01BD07;N06AB05
C01BD07;C01BC03
C01BD07;N05AX08
C01BD07;L02BA01
C01BD07;N02AX02
C01BD07;N06AX16
C01BD07;N05AF05
C01BC04;N06AA09
C01BC04;N06AA04
C01BC04;R05DA04
C01BC04;N06AA01
C01BC04;N06AA12
C01BC04;N06AA02
C01BC04;N06AA10
C01BC04;N06AA06
C01BC04;N05AX12
C01BC04;N06BA09
C01BC04;C07AG02
C01BC04;N05AH02
C01BC04;R05DA04
C01BC04;N06AX21
C01BC04;C01BC04
C01BC04;N05AF01
C01BC04;N05AD01
C01BC04;C07AB02
C01BC04;N06AX11
C01BC04;N05AH03
C01BC04;N02AA05
C01BC04;N06AB05
C01BC04;C01BC03
C01BC04;N05AX08
C01BC04;L02BA01
C01BC04;N02AX02
C01BC04;N06AX16
C01BC04;N05AF05
N06AB08;N06AA09
N06AB08;N06AA04
N06AB08;R05DA04
N06AB08;N06AA01
N06AB08;N06AA12
N06AB08;N06AA02
N06AB08;N06AA10
N06AB08;N06AA06
N06AB08;N05AX12
N06AB08;N06BA09
N06AB08;C07AG02
N06AB08;N05AH02
N06AB08;R05DA04
N06AB08;N06AX21
N06AB08;C01BC04
N06AB08;N05AF01
N06AB08;N05AD01
N06AB08;C07AB02
N06AB08;N06AX11
N06AB08;N05AH03
N06AB08;N02AA05
N06AB08;N06AB05
N06AB08;C01BC03
N06AB08;N05AX08
N06AB08;L02BA01
N06AB08;N02AX02
N06AB08;N06AX16
N06AB08;N05AF05
N06DA04;N06AA09
N06DA04;N06AA04
N06DA04;R05DA04
N06DA04;N06AA01
N06DA04;N06AA12
N06DA04;N06AA02
N06DA04;N06AA10
N06DA04;N06AA06
N06DA04;N05AX12
N06DA04;N06BA09
N06DA04;C07AG02
N06DA04;N05AH02
N06DA04;R05DA04
N06DA04;N06AX21
N06DA04;C01BC04
N06DA04;N05AF01
N06DA04;N05AD01
N06DA04;C07AB02
N06DA04;N06AX11
N06DA04;N05AH03
N06DA04;N02AA05
N06DA04;N06AB05
N06DA04;C01BC03
N06DA04;N05AX08
N06DA04;L02BA01
N06DA04;N02AX02
N06DA04;N06AX16
N06DA04;N05AF05
P01BA02;N06AA09
P01BA02;N06AA04
P01BA02;R05DA04
P01BA02;N06AA01
P01BA02;N06AA12
P01BA02;N06AA02
P01BA02;N06AA10
P01BA02;N06AA06
P01BA02;N05AX12
P01BA02;N06BA09
P01BA02;C07AG02
P01BA02;N05AH02
P01BA02;R05DA04
P01BA02;N06AX21
P01BA02;C01BC04
P01BA02;N05AF01
P01BA02;N05AD01
P01BA02;C07AB02
P01BA02;N06AX11
P01BA02;N05AH03
P01BA02;N02AA05
P01BA02;N06AB05
P01BA02;C01BC03
P01BA02;N05AX08
P01BA02;L02BA01
P01BA02;N02AX02
P01BA02;N06AX16
P01BA02;N05AF05
L01XE01;N06AA09
L01XE01;N06AA04
L01XE01;R05DA04
L01XE01;N06AA01
L01XE01;N06AA12
L01XE01;N06AA02
L01XE01;N06AA10
L01XE01;N06AA06
L01XE01;N05AX12
L01XE01;N06BA09
L01XE01;C07AG02
L01XE01;N05AH02
L01XE01;R05DA04
L01XE01;N06AX21
L01XE01;C01BC04
L01XE01;N05AF01
L01XE01;N05AD01
L01XE01;C07AB02
L01XE01;N06AX11
L01XE01;N05AH03
L01XE01;N02AA05
L01XE01;N06AB05
L01XE01;C01BC03
L01XE01;N05AX08
L01XE01;L02BA01
L01XE01;N02AX02
L01XE01;N06AX16
L01XE01;N05AF05
A08AA11;N06AA09
A08AA11;N06AA04
A08AA11;R05DA04
A08AA11;N06AA01
A08AA11;N06AA12
A08AA11;N06AA02
A08AA11;N06AA10
A08AA11;N06AA06
A08AA11;N05AX12
A08AA11;N06BA09
A08AA11;C07AG02
A08AA11;N05AH02
A08AA11;R05DA04
A08AA11;N06AX21
A08AA11;C01BC04
A08AA11;N05AF01
A08AA11;N05AD01
A08AA11;C07AB02
A08AA11;N06AX11
A08AA11;N05AH03
A08AA11;N02AA05
A08AA11;N06AB05
A08AA11;C01BC03
A08AA11;N05AX08
A08AA11;L02BA01
A08AA11;N02AX02
A08AA11;N06AX16
A08AA11;N05AF05
P01BF01;N06AA09
P01BF01;N06AA04
P01BF01;R05DA04
P01BF01;N06AA01
P01BF01;N06AA12
P01BF01;N06AA02
P01BF01;N06AA10
P01BF01;N06AA06
P01BF01;N05AX12
P01BF01;N06BA09
P01BF01;C07AG02
P01BF01;N05AH02
P01BF01;R05DA04
P01BF01;N06AX21
P01BF01;C01BC04
P01BF01;N05AF01
P01BF01;N05AD01
P01BF01;C07AB02
P01BF01;N06AX11
P01BF01;N05AH03
P01BF01;N02AA05
P01BF01;N06AB05
P01BF01;C01BC03
P01BF01;N05AX08
P01BF01;L02BA01
P01BF01;N02AX02
P01BF01;N06AX16
P01BF01;N05AF05
G04BD12;N06AA09
G04BD12;N06AA04
G04BD12;R05DA04
G04BD12;N06AA01
G04BD12;N06AA12
G04BD12;N06AA02
G04BD12;N06AA10
G04BD12;N06AA06
G04BD12;N05AX12
G04BD12;N06BA09
G04BD12;C07AG02
G04BD12;N05AH02
G04BD12;R05DA04
G04BD12;N06AX21
G04BD12;C01BC04
G04BD12;N05AF01
G04BD12;N05AD01
G04BD12;C07AB02
G04BD12;N06AX11
G04BD12;N05AH03
G04BD12;N02AA05
G04BD12;N06AB05
G04BD12;C01BC03
G04BD12;N05AX08
G04BD12;L02BA01
G04BD12;N02AX02
G04BD12;N06AX16
G04BD12;N05AF05
C01BC03;N06AA09
C01BC03;N06AA04
C01BC03;R05DA04
C01BC03;N06AA01
C01BC03;N06AA12
C01BC03;N06AA02
C01BC03;N06AA10
C01BC03;N06AA06
C01BC03;N05AX12
C01BC03;N06BA09
C01BC03;C07AG02
C01BC03;N05AH02
C01BC03;R05DA04
C01BC03;N06AX21
C01BC03;C01BC04
C01BC03;N05AF01
C01BC03;N05AD01
C01BC03;C07AB02
C01BC03;N06AX11
C01BC03;N05AH03
C01BC03;N02AA05
C01BC03;N06AB05
C01BC03;C01BC03
C01BC03;N05AX08
C01BC03;L02BA01
C01BC03;N02AX02
C01BC03;N06AX16
C01BC03;N05AF05
N02AC04;N06AA09
N02AC04;N06AA04
N02AC04;R05DA04
N02AC04;N06AA01
N02AC04;N06AA12
N02AC04;N06AA02
N02AC04;N06AA10
N02AC04;N06AA06
N02AC04;N05AX12
N02AC04;N06BA09
N02AC04;C07AG02
N02AC04;N05AH02
N02AC04;R05DA04
N02AC04;N06AX21
N02AC04;C01BC04
N02AC04;N05AF01
N02AC04;N05AD01
N02AC04;C07AB02
N02AC04;N06AX11
N02AC04;N05AH03
N02AC04;N02AA05
N02AC04;N06AB05
N02AC04;C01BC03
N02AC04;N05AX08
N02AC04;L02BA01
N02AC04;N02AX02
N02AC04;N06AX16
N02AC04;N05AF05
C01EB18;N06AA09
C01EB18;N06AA04
C01EB18;R05DA04
C01EB18;N06AA01
C01EB18;N06AA12
C01EB18;N06AA02
C01EB18;N06AA10
C01EB18;N06AA06
C01EB18;N05AX12
C01EB18;N06BA09
C01EB18;C07AG02
C01EB18;N05AH02
C01EB18;R05DA04
C01EB18;N06AX21
C01EB18;C01BC04
C01EB18;N05AF01
C01EB18;N05AD01
C01EB18;C07AB02
C01EB18;N06AX11
C01EB18;N05AH03
C01EB18;N02AA05
C01EB18;N06AB05
C01EB18;C01BC03
C01EB18;N05AX08
C01EB18;L02BA01
C01EB18;N02AX02
C01EB18;N06AX16
C01EB18;N05AF05
N05AX08;N06AA09
N05AX08;N06AA04
N05AX08;R05DA04
N05AX08;N06AA01
N05AX08;N06AA12
N05AX08;N06AA02
N05AX08;N06AA10
N05AX08;N06AA06
N05AX08;N05AX12
N05AX08;N06BA09
N05AX08;C07AG02
N05AX08;N05AH02
N05AX08;R05DA04
N05AX08;N06AX21
N05AX08;C01BC04
N05AX08;N05AF01
N05AX08;N05AD01
N05AX08;C07AB02
N05AX08;N06AX11
N05AX08;N05AH03
N05AX08;N02AA05
N05AX08;N06AB05
N05AX08;C01BC03
N05AX08;N05AX08
N05AX08;L02BA01
N05AX08;N02AX02
N05AX08;N06AX16
N05AX08;N05AF05
N05AC02;N06AA09
N05AC02;N06AA04
N05AC02;R05DA04
N05AC02;N06AA01
N05AC02;N06AA12
N05AC02;N06AA02
N05AC02;N06AA10
N05AC02;N06AA06
N05AC02;N05AX12
N05AC02;N06BA09
N05AC02;C07AG02
N05AC02;N05AH02
N05AC02;R05DA04
N05AC02;N06AX21
N05AC02;C01BC04
N05AC02;N05AF01
N05AC02;N05AD01
N05AC02;C07AB02
N05AC02;N06AX11
N05AC02;N05AH03
N05AC02;N02AA05
N05AC02;N06AB05
N05AC02;C01BC03
N05AC02;N05AX08
N05AC02;L02BA01
N05AC02;N02AX02
N05AC02;N06AX16
N05AC02;N05AF05
L01XE15;N06AA09
L01XE15;N06AA04
L01XE15;R05DA04
L01XE15;N06AA01
L01XE15;N06AA12
L01XE15;N06AA02
L01XE15;N06AA10
L01XE15;N06AA06
L01XE15;N05AX12
L01XE15;N06BA09
L01XE15;C07AG02
L01XE15;N05AH02
L01XE15;R05DA04
L01XE15;N06AX21
L01XE15;C01BC04
L01XE15;N05AF01
L01XE15;N05AD01
L01XE15;C07AB02
L01XE15;N06AX11
L01XE15;N05AH03
L01XE15;N02AA05
L01XE15;N06AB05
L01XE15;C01BC03
L01XE15;N05AX08
L01XE15;L02BA01
L01XE15;N02AX02
L01XE15;N06AX16
L01XE15;N05AF05
N06AX16;N06AA09
N06AX16;N06AA04
N06AX16;R05DA04
N06AX16;N06AA01
N06AX16;N06AA12
N06AX16;N06AA02
N06AX16;N06AA10
N06AX16;N06AA06
N06AX16;N05AX12
N06AX16;N06BA09
N06AX16;C07AG02
N06AX16;N05AH02
N06AX16;R05DA04
N06AX16;N06AX21
N06AX16;C01BC04
N06AX16;N05AF01
N06AX16;N05AD01
N06AX16;C07AB02
N06AX16;N06AX11
N06AX16;N05AH03
N06AX16;N02AA05
N06AX16;N06AB05
N06AX16;C01BC03
N06AX16;N05AX08
N06AX16;L02BA01
N06AX16;N02AX02
N06AX16;N06AX16
N06AX16;N05AF05
H02AB02;N06AA09
H02AB02;N06AA04
H02AB02;R05DA04
H02AB02;N06AA01
H02AB02;N06AA12
H02AB02;N06AA02
H02AB02;N06AA10
H02AB02;N06AA06
H02AB02;N05AX12
H02AB02;N06BA09
H02AB02;C07AG02
H02AB02;N05AH02
H02AB02;R05DA04
H02AB02;N06AX21
H02AB02;C01BC04
H02AB02;N05AF01
H02AB02;N05AD01
H02AB02;C07AB02
H02AB02;N06AX11
H02AB02;N05AH03
H02AB02;N02AA05
H02AB02;N06AB05
H02AB02;C01BC03
H02AB02;N05AX08
H02AB02;L02BA01
H02AB02;N02AX02
H02AB02;N06AX16
H02AB02;N05AF05
J04AB02;N06AA09
J04AB02;N06AA04
J04AB02;R05DA04
J04AB02;N06AA01
J04AB02;N06AA12
J04AB02;N06AA02
J04AB02;N06AA10
J04AB02;N06AA06
J04AB02;N05AX12
J04AB02;N06BA09
J04AB02;C07AG02
J04AB02;N05AH02
J04AB02;R05DA04
J04AB02;N06AX21
J04AB02;C01BC04
J04AB02;N05AF01
J04AB02;N05AD01
J04AB02;C07AB02
J04AB02;N06AX11
J04AB02;N05AH03
J04AB02;N02AA05
J04AB02;N06AB05
J04AB02;C01BC03
J04AB02;N05AX08
J04AB02;L02BA01
J04AB02;N02AX02
J04AB02;N06AX16
J04AB02;N05AF05
R06AB52;N06AA09
R06AB52;N06AA04
R06AB52;R05DA04
R06AB52;N06AA01
R06AB52;N06AA12
R06AB52;N06AA02
R06AB52;N06AA10
R06AB52;N06AA06
R06AB52;N05AX12
R06AB52;N06BA09
R06AB52;C07AG02
R06AB52;N05AH02
R06AB52;R05DA04
R06AB52;N06AX21
R06AB52;C01BC04
R06AB52;N05AF01
R06AB52;N05AD01
R06AB52;C07AB02
R06AB52;N06AX11
R06AB52;N05AH03
R06AB52;N02AA05
R06AB52;N06AB05
R06AB52;C01BC03
R06AB52;N05AX08
R06AB52;L02BA01
R06AB52;N02AX02
R06AB52;N06AX16
R06AB52;N05AF05
R06AA54;N06AA09
R06AA54;N06AA04
R06AA54;R05DA04
R06AA54;N06AA01
R06AA54;N06AA12
R06AA54;N06AA02
R06AA54;N06AA10
R06AA54;N06AA06
R06AA54;N05AX12
R06AA54;N06BA09
R06AA54;C07AG02
R06AA54;N05AH02
R06AA54;R05DA04
R06AA54;N06AX21
R06AA54;C01BC04
R06AA54;N05AF01
R06AA54;N05AD01
R06AA54;C07AB02
R06AA54;N06AX11
R06AA54;N05AH03
R06AA54;N02AA05
R06AA54;N06AB05
R06AA54;C01BC03
R06AA54;N05AX08
R06AA54;L02BA01
R06AA54;N02AX02
R06AA54;N06AX16
R06AA54;N05AF05
R06AA52;N06AA09
R06AA52;N06AA04
R06AA52;R05DA04
R06AA52;N06AA01
R06AA52;N06AA12
R06AA52;N06AA02
R06AA52;N06AA10
R06AA52;N06AA06
R06AA52;N05AX12
R06AA52;N06BA09
R06AA52;C07AG02
R06AA52;N05AH02
R06AA52;R05DA04
R06AA52;N06AX21
R06AA52;C01BC04
R06AA52;N05AF01
R06AA52;N05AD01
R06AA52;C07AB02
R06AA52;N06AX11
R06AA52;N05AH03
R06AA52;N02AA05
R06AA52;N06AB05
R06AA52;C01BC03
R06AA52;N05AX08
R06AA52;L02BA01
R06AA52;N02AX02
R06AA52;N06AX16
R06AA52;N05AF05
R06AD52;N06AA09
R06AD52;N06AA04
R06AD52;R05DA04
R06AD52;N06AA01
R06AD52;N06AA12
R06AD52;N06AA02
R06AD52;N06AA10
R06AD52;N06AA06
R06AD52;N05AX12
R06AD52;N06BA09
R06AD52;C07AG02
R06AD52;N05AH02
R06AD52;R05DA04
R06AD52;N06AX21
R06AD52;C01BC04
R06AD52;N05AF01
R06AD52;N05AD01
R06AD52;C07AB02
R06AD52;N06AX11
R06AD52;N05AH03
R06AD52;N02AA05
R06AD52;N06AB05
R06AD52;C01BC03
R06AD52;N05AX08
R06AD52;L02BA01
R06AD52;N02AX02
R06AD52;N06AX16
R06AD52;N05AF05
J05AR15;N06AA09
J05AR15;N06AA04
J05AR15;R05DA04
J05AR15;N06AA01
J05AR15;N06AA12
J05AR15;N06AA02
J05AR15;N06AA10
J05AR15;N06AA06
J05AR15;N05AX12
J05AR15;N06BA09
J05AR15;C07AG02
J05AR15;N05AH02
J05AR15;R05DA04
J05AR15;N06AX21
J05AR15;C01BC04
J05AR15;N05AF01
J05AR15;N05AD01
J05AR15;C07AB02
J05AR15;N06AX11
J05AR15;N05AH03
J05AR15;N02AA05
J05AR15;N06AB05
J05AR15;C01BC03
J05AR15;N05AX08
J05AR15;L02BA01
J05AR15;N02AX02
J05AR15;N06AX16
J05AR15;N05AF05
J05AR14;N06AA09
J05AR14;N06AA04
J05AR14;R05DA04
J05AR14;N06AA01
J05AR14;N06AA12
J05AR14;N06AA02
J05AR14;N06AA10
J05AR14;N06AA06
J05AR14;N05AX12
J05AR14;N06BA09
J05AR14;C07AG02
J05AR14;N05AH02
J05AR14;R05DA04
J05AR14;N06AX21
J05AR14;C01BC04
J05AR14;N05AF01
J05AR14;N05AD01
J05AR14;C07AB02
J05AR14;N06AX11
J05AR14;N05AH03
J05AR14;N02AA05
J05AR14;N06AB05
J05AR14;C01BC03
J05AR14;N05AX08
J05AR14;L02BA01
J05AR14;N02AX02
J05AR14;N06AX16
J05AR14;N05AF05
J05AR18;N06AA09
J05AR18;N06AA04
J05AR18;R05DA04
J05AR18;N06AA01
J05AR18;N06AA12
J05AR18;N06AA02
J05AR18;N06AA10
J05AR18;N06AA06
J05AR18;N05AX12
J05AR18;N06BA09
J05AR18;C07AG02
J05AR18;N05AH02
J05AR18;R05DA04
J05AR18;N06AX21
J05AR18;C01BC04
J05AR18;N05AF01
J05AR18;N05AD01
J05AR18;C07AB02
J05AR18;N06AX11
J05AR18;N05AH03
J05AR18;N02AA05
J05AR18;N06AB05
J05AR18;C01BC03
J05AR18;N05AX08
J05AR18;L02BA01
J05AR18;N02AX02
J05AR18;N06AX16
J05AR18;N05AF05
J05AR09;N06AA09
J05AR09;N06AA04
J05AR09;R05DA04
J05AR09;N06AA01
J05AR09;N06AA12
J05AR09;N06AA02
J05AR09;N06AA10
J05AR09;N06AA06
J05AR09;N05AX12
J05AR09;N06BA09
J05AR09;C07AG02
J05AR09;N05AH02
J05AR09;R05DA04
J05AR09;N06AX21
J05AR09;C01BC04
J05AR09;N05AF01
J05AR09;N05AD01
J05AR09;C07AB02
J05AR09;N06AX11
J05AR09;N05AH03
J05AR09;N02AA05
J05AR09;N06AB05
J05AR09;C01BC03
J05AR09;N05AX08
J05AR09;L02BA01
J05AR09;N02AX02
J05AR09;N06AX16
J05AR09;N05AF05
H02AB02;N06AA09
H02AB02;N06AA04
H02AB02;R05DA04
H02AB02;N06AA01
H02AB02;N06AA12
H02AB02;N06AA02
H02AB02;N06AA10
H02AB02;N06AA06
H02AB02;N05AX12
H02AB02;N06BA09
H02AB02;C07AG02
H02AB02;N05AH02
H02AB02;R05DA04
H02AB02;N06AX21
H02AB02;C01BC04
H02AB02;N05AF01
H02AB02;N05AD01
H02AB02;C07AB02
H02AB02;N06AX11
H02AB02;N05AH03
H02AB02;N02AA05
H02AB02;N06AB05
H02AB02;C01BC03
H02AB02;N05AX08
H02AB02;L02BA01
H02AB02;N02AX02
H02AB02;N06AX16
H02AB02;N05AF05
J04AB02;N06AA09
J04AB02;N06AA04
J04AB02;R05DA04
J04AB02;N06AA01
J04AB02;N06AA12
J04AB02;N06AA02
J04AB02;N06AA10
J04AB02;N06AA06
J04AB02;N05AX12
J04AB02;N06BA09
J04AB02;C07AG02
J04AB02;N05AH02
J04AB02;R05DA04
J04AB02;N06AX21
J04AB02;C01BC04
J04AB02;N05AF01
J04AB02;N05AD01
J04AB02;C07AB02
J04AB02;N06AX11
J04AB02;N05AH03
J04AB02;N02AA05
J04AB02;N06AB05
J04AB02;C01BC03
J04AB02;N05AX08
J04AB02;L02BA01
J04AB02;N02AX02
J04AB02;N06AX16
J04AB02;N05AF05
