A02BC05;N06AA09
A02BC05;N06AA04
A02BC05;B01AC04
A02BC05;N06AA01
A02BC05;N06AA12
A02BC05;N06AA02
A02BC05;N06AA10
A02BC05;N06AA06
A02BC05;N06AB04
A02BC05;N06AB10
A02BC05;A02BC05
A02BC05;A02BC03
A02BC05;N06AG02
A02BC05;A02BC01
A02BC05;A02BC02
A02BC05;A02BC04
A02BC05;N06AB06
A02BC05;J02AC03
A02BC03;N06AA09
A02BC03;N06AA04
A02BC03;B01AC04
A02BC03;N06AA01
A02BC03;N06AA12
A02BC03;N06AA02
A02BC03;N06AA10
A02BC03;N06AA06
A02BC03;N06AB04
A02BC03;N06AB10
A02BC03;A02BC05
A02BC03;A02BC03
A02BC03;N06AG02
A02BC03;A02BC01
A02BC03;A02BC02
A02BC03;A02BC04
A02BC03;N06AB06
A02BC03;J02AC03
A02BC01;N06AA09
A02BC01;N06AA04
A02BC01;B01AC04
A02BC01;N06AA01
A02BC01;N06AA12
A02BC01;N06AA02
A02BC01;N06AA10
A02BC01;N06AA06
A02BC01;N06AB04
A02BC01;N06AB10
A02BC01;A02BC05
A02BC01;A02BC03
A02BC01;N06AG02
A02BC01;A02BC01
A02BC01;A02BC02
A02BC01;A02BC04
A02BC01;N06AB06
A02BC01;J02AC03
A02BC02;N06AA09
A02BC02;N06AA04
A02BC02;B01AC04
A02BC02;N06AA01
A02BC02;N06AA12
A02BC02;N06AA02
A02BC02;N06AA10
A02BC02;N06AA06
A02BC02;N06AB04
A02BC02;N06AB10
A02BC02;A02BC05
A02BC02;A02BC03
A02BC02;N06AG02
A02BC02;A02BC01
A02BC02;A02BC02
A02BC02;A02BC04
A02BC02;N06AB06
A02BC02;J02AC03
G01AA05;N06AA09
G01AA05;N06AA04
G01AA05;B01AC04
G01AA05;N06AA01
G01AA05;N06AA12
G01AA05;N06AA02
G01AA05;N06AA10
G01AA05;N06AA06
G01AA05;N06AB04
G01AA05;N06AB10
G01AA05;A02BC05
G01AA05;A02BC03
G01AA05;N06AG02
G01AA05;A02BC01
G01AA05;A02BC02
G01AA05;A02BC04
G01AA05;N06AB06
G01AA05;J02AC03
A02BA01;N06AA09
A02BA01;N06AA04
A02BA01;B01AC04
A02BA01;N06AA01
A02BA01;N06AA12
A02BA01;N06AA02
A02BA01;N06AA10
A02BA01;N06AA06
A02BA01;N06AB04
A02BA01;N06AB10
A02BA01;A02BC05
A02BA01;A02BC03
A02BA01;N06AG02
A02BA01;A02BC01
A02BA01;A02BC02
A02BA01;A02BC04
A02BA01;N06AB06
A02BA01;J02AC03
N03AX10;N06AA09
N03AX10;N06AA04
N03AX10;B01AC04
N03AX10;N06AA01
N03AX10;N06AA12
N03AX10;N06AA02
N03AX10;N06AA10
N03AX10;N06AA06
N03AX10;N06AB04
N03AX10;N06AB10
N03AX10;A02BC05
N03AX10;A02BC03
N03AX10;N06AG02
N03AX10;A02BC01
N03AX10;A02BC02
N03AX10;A02BC04
N03AX10;N06AB06
N03AX10;J02AC03
N06AB03;N06AA09
N06AB03;N06AA04
N06AB03;B01AC04
N06AB03;N06AA01
N06AB03;N06AA12
N06AB03;N06AA02
N06AB03;N06AA10
N06AB03;N06AA06
N06AB03;N06AB04
N06AB03;N06AB10
N06AB03;A02BC05
N06AB03;A02BC03
N06AB03;N06AG02
N06AB03;A02BC01
N06AB03;A02BC02
N06AB03;A02BC04
N06AB03;N06AB06
N06AB03;J02AC03
N06AB08;N06AA09
N06AB08;N06AA04
N06AB08;B01AC04
N06AB08;N06AA01
N06AB08;N06AA12
N06AB08;N06AA02
N06AB08;N06AA10
N06AB08;N06AA06
N06AB08;N06AB04
N06AB08;N06AB10
N06AB08;A02BC05
N06AB08;A02BC03
N06AB08;N06AG02
N06AB08;A02BC01
N06AB08;A02BC02
N06AB08;A02BC04
N06AB08;N06AB06
N06AB08;J02AC03
C01EB03;N06AA09
C01EB03;N06AA04
C01EB03;B01AC04
C01EB03;N06AA01
C01EB03;N06AA12
C01EB03;N06AA02
C01EB03;N06AA10
C01EB03;N06AA06
C01EB03;N06AB04
C01EB03;N06AB10
C01EB03;A02BC05
C01EB03;A02BC03
C01EB03;N06AG02
C01EB03;A02BC01
C01EB03;A02BC02
C01EB03;A02BC04
C01EB03;N06AB06
C01EB03;J02AC03
J04AC01;N06AA09
J04AC01;N06AA04
J04AC01;B01AC04
J04AC01;N06AA01
J04AC01;N06AA12
J04AC01;N06AA02
J04AC01;N06AA10
J04AC01;N06AA06
J04AC01;N06AB04
J04AC01;N06AB10
J04AC01;A02BC05
J04AC01;A02BC03
J04AC01;N06AG02
J04AC01;A02BC01
J04AC01;A02BC02
J04AC01;A02BC04
J04AC01;N06AB06
J04AC01;J02AC03
G01AF11;N06AA09
G01AF11;N06AA04
G01AF11;B01AC04
G01AF11;N06AA01
G01AF11;N06AA12
G01AF11;N06AA02
G01AF11;N06AA10
G01AF11;N06AA06
G01AF11;N06AB04
G01AF11;N06AB10
G01AF11;A02BC05
G01AF11;A02BC03
G01AF11;N06AG02
G01AF11;A02BC01
G01AF11;A02BC02
G01AF11;A02BC04
G01AF11;N06AB06
G01AF11;J02AC03
N06BA07;N06AA09
N06BA07;N06AA04
N06BA07;B01AC04
N06BA07;N06AA01
N06BA07;N06AA12
N06BA07;N06AA02
N06BA07;N06AA10
N06BA07;N06AA06
N06BA07;N06AB04
N06BA07;N06AB10
N06BA07;A02BC05
N06BA07;A02BC03
N06BA07;N06AG02
N06BA07;A02BC01
N06BA07;A02BC02
N06BA07;A02BC04
N06BA07;N06AB06
N06BA07;J02AC03
G03AA01;N06AA09
G03AA01;N06AA04
G03AA01;B01AC04
G03AA01;N06AA01
G03AA01;N06AA12
G03AA01;N06AA02
G03AA01;N06AA10
G03AA01;N06AA06
G03AA01;N06AB04
G03AA01;N06AB10
G03AA01;A02BC05
G03AA01;A02BC03
G03AA01;N06AG02
G03AA01;A02BC01
G03AA01;A02BC02
G03AA01;A02BC04
G03AA01;N06AB06
G03AA01;J02AC03
N03AF02;N06AA09
N03AF02;N06AA04
N03AF02;B01AC04
N03AF02;N06AA01
N03AF02;N06AA12
N03AF02;N06AA02
N03AF02;N06AA10
N03AF02;N06AA06
N03AF02;N06AB04
N03AF02;N06AB10
N03AF02;A02BC05
N03AF02;A02BC03
N03AF02;N06AG02
N03AF02;A02BC01
N03AF02;A02BC02
N03AF02;A02BC04
N03AF02;N06AB06
N03AF02;J02AC03
M04AB01;N06AA09
M04AB01;N06AA04
M04AB01;B01AC04
M04AB01;N06AA01
M04AB01;N06AA12
M04AB01;N06AA02
M04AB01;N06AA10
M04AB01;N06AA06
M04AB01;N06AB04
M04AB01;N06AB10
M04AB01;A02BC05
M04AB01;A02BC03
M04AB01;N06AG02
M04AB01;A02BC01
M04AB01;A02BC02
M04AB01;A02BC04
M04AB01;N06AB06
M04AB01;J02AC03
B01AC05;N06AA09
B01AC05;N06AA04
B01AC05;B01AC04
B01AC05;N06AA01
B01AC05;N06AA12
B01AC05;N06AA02
B01AC05;N06AA10
B01AC05;N06AA06
B01AC05;N06AB04
B01AC05;N06AB10
B01AC05;A02BC05
B01AC05;A02BC03
B01AC05;N06AG02
B01AC05;A02BC01
B01AC05;A02BC02
B01AC05;A02BC04
B01AC05;N06AB06
B01AC05;J02AC03
N03AX11;N06AA09
N03AX11;N06AA04
N03AX11;B01AC04
N03AX11;N06AA01
N03AX11;N06AA12
N03AX11;N06AA02
N03AX11;N06AA10
N03AX11;N06AA06
N03AX11;N06AB04
N03AX11;N06AB10
N03AX11;A02BC05
N03AX11;A02BC03
N03AX11;N06AG02
N03AX11;A02BC01
N03AX11;A02BC02
N03AX11;A02BC04
N03AX11;N06AB06
N03AX11;J02AC03
J02AC03;N06AA09
J02AC03;N06AA04
J02AC03;B01AC04
J02AC03;N06AA01
J02AC03;N06AA12
J02AC03;N06AA02
J02AC03;N06AA10
J02AC03;N06AA06
J02AC03;N06AB04
J02AC03;N06AB10
J02AC03;A02BC05
J02AC03;A02BC03
J02AC03;N06AG02
J02AC03;A02BC01
J02AC03;A02BC02
J02AC03;A02BC04
J02AC03;N06AB06
J02AC03;J02AC03
N06AG02;N06AA09
N06AG02;N06AA04
N06AG02;B01AC04
N06AG02;N06AA01
N06AG02;N06AA12
N06AG02;N06AA02
N06AG02;N06AA10
N06AG02;N06AA06
N06AG02;N06AB04
N06AG02;N06AB10
N06AG02;A02BC05
N06AG02;A02BC03
N06AG02;N06AG02
N06AG02;A02BC01
N06AG02;A02BC02
N06AG02;A02BC04
N06AG02;N06AB06
N06AG02;J02AC03
B01AC04;N06AA09
B01AC04;N06AA04
B01AC04;B01AC04
B01AC04;N06AA01
B01AC04;N06AA12
B01AC04;N06AA02
B01AC04;N06AA10
B01AC04;N06AA06
B01AC04;N06AB04
B01AC04;N06AB10
B01AC04;A02BC05
B01AC04;A02BC03
B01AC04;N06AG02
B01AC04;A02BC01
B01AC04;A02BC02
B01AC04;A02BC04
B01AC04;N06AB06
B01AC04;J02AC03
J05AG02;N06AA09
J05AG02;N06AA04
J05AG02;B01AC04
J05AG02;N06AA01
J05AG02;N06AA12
J05AG02;N06AA02
J05AG02;N06AA10
J05AG02;N06AA06
J05AG02;N06AB04
J05AG02;N06AB10
J05AG02;A02BC05
J05AG02;A02BC03
J05AG02;N06AG02
J05AG02;A02BC01
J05AG02;A02BC02
J05AG02;A02BC04
J05AG02;N06AB06
J05AG02;J02AC03
N03AF04;N06AA09
N03AF04;N06AA04
N03AF04;B01AC04
N03AF04;N06AA01
N03AF04;N06AA12
N03AF04;N06AA02
N03AF04;N06AA10
N03AF04;N06AA06
N03AF04;N06AB04
N03AF04;N06AB10
N03AF04;A02BC05
N03AF04;A02BC03
N03AF04;N06AG02
N03AF04;A02BC01
N03AF04;A02BC02
N03AF04;A02BC04
N03AF04;N06AB06
N03AF04;J02AC03
J05AG04;N06AA09
J05AG04;N06AA04
J05AG04;B01AC04
J05AG04;N06AA01
J05AG04;N06AA12
J05AG04;N06AA02
J05AG04;N06AA10
J05AG04;N06AA06
J05AG04;N06AB04
J05AG04;N06AB10
J05AG04;A02BC05
J05AG04;A02BC03
J05AG04;N06AG02
J05AG04;A02BC01
J05AG04;A02BC02
J05AG04;A02BC04
J05AG04;N06AB06
J05AG04;J02AC03
N03AX10;N06AA09
N03AX10;N06AA04
N03AX10;B01AC04
N03AX10;N06AA01
N03AX10;N06AA12
N03AX10;N06AA02
N03AX10;N06AA10
N03AX10;N06AA06
N03AX10;N06AB04
N03AX10;N06AB10
N03AX10;A02BC05
N03AX10;A02BC03
N03AX10;N06AG02
N03AX10;A02BC01
N03AX10;A02BC02
N03AX10;A02BC04
N03AX10;N06AB06
N03AX10;J02AC03
J02AC01;N06AA09
J02AC01;N06AA04
J02AC01;B01AC04
J02AC01;N06AA01
J02AC01;N06AA12
J02AC01;N06AA02
J02AC01;N06AA10
J02AC01;N06AA06
J02AC01;N06AB04
J02AC01;N06AB10
J02AC01;A02BC05
J02AC01;A02BC03
J02AC01;N06AG02
J02AC01;A02BC01
J02AC01;A02BC02
J02AC01;A02BC04
J02AC01;N06AB06
J02AC01;J02AC03
A02BC53;N06AA09
A02BC53;N06AA04
A02BC53;B01AC04
A02BC53;N06AA01
A02BC53;N06AA12
A02BC53;N06AA02
A02BC53;N06AA10
A02BC53;N06AA06
A02BC53;N06AB04
A02BC53;N06AB10
A02BC53;A02BC05
A02BC53;A02BC03
A02BC53;N06AG02
A02BC53;A02BC01
A02BC53;A02BC02
A02BC53;A02BC04
A02BC53;N06AB06
A02BC53;J02AC03
J01BA01;N06AA09
J01BA01;N06AA04
J01BA01;B01AC04
J01BA01;N06AA01
J01BA01;N06AA12
J01BA01;N06AA02
J01BA01;N06AA10
J01BA01;N06AA06
J01BA01;N06AB04
J01BA01;N06AB10
J01BA01;A02BC05
J01BA01;A02BC03
J01BA01;N06AG02
J01BA01;A02BC01
J01BA01;A02BC02
J01BA01;A02BC04
J01BA01;N06AB06
J01BA01;J02AC03
A02BA51;N06AA09
A02BA51;N06AA04
A02BA51;B01AC04
A02BA51;N06AA01
A02BA51;N06AA12
A02BA51;N06AA02
A02BA51;N06AA10
A02BA51;N06AA06
A02BA51;N06AB04
A02BA51;N06AB10
A02BA51;A02BC05
A02BA51;A02BC03
A02BA51;N06AG02
A02BA51;A02BC01
A02BA51;A02BC02
A02BA51;A02BC04
A02BA51;N06AB06
A02BA51;J02AC03
N06CA03;N06AA09
N06CA03;N06AA04
N06CA03;B01AC04
N06CA03;N06AA01
N06CA03;N06AA12
N06CA03;N06AA02
N06CA03;N06AA10
N06CA03;N06AA06
N06CA03;N06AB04
N06CA03;N06AB10
N06CA03;A02BC05
N06CA03;A02BC03
N06CA03;N06AG02
N06CA03;A02BC01
N06CA03;A02BC02
N06CA03;A02BC04
N06CA03;N06AB06
N06CA03;J02AC03
M01AB01;N06AA09
M01AB01;N06AA04
M01AB01;B01AC04
M01AB01;N06AA01
M01AB01;N06AA12
M01AB01;N06AA02
M01AB01;N06AA10
M01AB01;N06AA06
M01AB01;N06AB04
M01AB01;N06AB10
M01AB01;A02BC05
M01AB01;A02BC03
M01AB01;N06AG02
M01AB01;A02BC01
M01AB01;A02BC02
M01AB01;A02BC04
M01AB01;N06AB06
M01AB01;J02AC03
J04AC51;N06AA09
J04AC51;N06AA04
J04AC51;B01AC04
J04AC51;N06AA01
J04AC51;N06AA12
J04AC51;N06AA02
J04AC51;N06AA10
J04AC51;N06AA06
J04AC51;N06AB04
J04AC51;N06AB10
J04AC51;A02BC05
J04AC51;A02BC03
J04AC51;N06AG02
J04AC51;A02BC01
J04AC51;A02BC02
J04AC51;A02BC04
J04AC51;N06AB06
J04AC51;J02AC03
J02AB02;N06AA09
J02AB02;N06AA04
J02AB02;B01AC04
J02AB02;N06AA01
J02AB02;N06AA12
J02AB02;N06AA02
J02AB02;N06AA10
J02AB02;N06AA06
J02AB02;N06AB04
J02AB02;N06AB10
J02AB02;A02BC05
J02AB02;A02BC03
J02AB02;N06AG02
J02AB02;A02BC01
J02AB02;A02BC02
J02AB02;A02BC04
J02AB02;N06AB06
J02AB02;J02AC03
G03AA02;N06AA09
G03AA02;N06AA04
G03AA02;B01AC04
G03AA02;N06AA01
G03AA02;N06AA12
G03AA02;N06AA02
G03AA02;N06AA10
G03AA02;N06AA06
G03AA02;N06AB04
G03AA02;N06AB10
G03AA02;A02BC05
G03AA02;A02BC03
G03AA02;N06AG02
G03AA02;A02BC01
G03AA02;A02BC02
G03AA02;A02BC04
G03AA02;N06AB06
G03AA02;J02AC03
J01RA07;N06AA09
J01RA07;N06AA04
J01RA07;B01AC04
J01RA07;N06AA01
J01RA07;N06AA12
J01RA07;N06AA02
J01RA07;N06AA10
J01RA07;N06AA06
J01RA07;N06AB04
J01RA07;N06AB10
J01RA07;A02BC05
J01RA07;A02BC03
J01RA07;N06AG02
J01RA07;A02BC01
J01RA07;A02BC02
J01RA07;A02BC04
J01RA07;N06AB06
J01RA07;J02AC03
M01AB51;N06AA09
M01AB51;N06AA04
M01AB51;B01AC04
M01AB51;N06AA01
M01AB51;N06AA12
M01AB51;N06AA02
M01AB51;N06AA10
M01AB51;N06AA06
M01AB51;N06AB04
M01AB51;N06AB10
M01AB51;A02BC05
M01AB51;A02BC03
M01AB51;N06AG02
M01AB51;A02BC01
M01AB51;A02BC02
M01AB51;A02BC04
M01AB51;N06AB06
M01AB51;J02AC03
J04AM02;N06AA09
J04AM02;N06AA04
J04AM02;B01AC04
J04AM02;N06AA01
J04AM02;N06AA12
J04AM02;N06AA02
J04AM02;N06AA10
J04AM02;N06AA06
J04AM02;N06AB04
J04AM02;N06AB10
J04AM02;A02BC05
J04AM02;A02BC03
J04AM02;N06AG02
J04AM02;A02BC01
J04AM02;A02BC02
J04AM02;A02BC04
J04AM02;N06AB06
J04AM02;J02AC03
J04AM05;N06AA09
J04AM05;N06AA04
J04AM05;B01AC04
J04AM05;N06AA01
J04AM05;N06AA12
J04AM05;N06AA02
J04AM05;N06AA10
J04AM05;N06AA06
J04AM05;N06AB04
J04AM05;N06AB10
J04AM05;A02BC05
J04AM05;A02BC03
J04AM05;N06AG02
J04AM05;A02BC01
J04AM05;A02BC02
J04AM05;A02BC04
J04AM05;N06AB06
J04AM05;J02AC03
J04AM06;N06AA09
J04AM06;N06AA04
J04AM06;B01AC04
J04AM06;N06AA01
J04AM06;N06AA12
J04AM06;N06AA02
J04AM06;N06AA10
J04AM06;N06AA06
J04AM06;N06AB04
J04AM06;N06AB10
J04AM06;A02BC05
J04AM06;A02BC03
J04AM06;N06AG02
J04AM06;A02BC01
J04AM06;A02BC02
J04AM06;A02BC04
J04AM06;N06AB06
J04AM06;J02AC03
J04AM01;N06AA09
J04AM01;N06AA04
J04AM01;B01AC04
J04AM01;N06AA01
J04AM01;N06AA12
J04AM01;N06AA02
J04AM01;N06AA10
J04AM01;N06AA06
J04AM01;N06AB04
J04AM01;N06AB10
J04AM01;A02BC05
J04AM01;A02BC03
J04AM01;N06AG02
J04AM01;A02BC01
J04AM01;A02BC02
J04AM01;A02BC04
J04AM01;N06AB06
J04AM01;J02AC03
J04AM04;N06AA09
J04AM04;N06AA04
J04AM04;B01AC04
J04AM04;N06AA01
J04AM04;N06AA12
J04AM04;N06AA02
J04AM04;N06AA10
J04AM04;N06AA06
J04AM04;N06AB04
J04AM04;N06AB10
J04AM04;A02BC05
J04AM04;A02BC03
J04AM04;N06AG02
J04AM04;A02BC01
J04AM04;A02BC02
J04AM04;A02BC04
J04AM04;N06AB06
J04AM04;J02AC03
G03AA03;N06AA09
G03AA03;N06AA04
G03AA03;B01AC04
G03AA03;N06AA01
G03AA03;N06AA12
G03AA03;N06AA02
G03AA03;N06AA10
G03AA03;N06AA06
G03AA03;N06AB04
G03AA03;N06AB10
G03AA03;A02BC05
G03AA03;A02BC03
G03AA03;N06AG02
G03AA03;A02BC01
G03AA03;A02BC02
G03AA03;A02BC04
G03AA03;N06AB06
G03AA03;J02AC03
G03AA04;N06AA09
G03AA04;N06AA04
G03AA04;B01AC04
G03AA04;N06AA01
G03AA04;N06AA12
G03AA04;N06AA02
G03AA04;N06AA10
G03AA04;N06AA06
G03AA04;N06AB04
G03AA04;N06AB10
G03AA04;A02BC05
G03AA04;A02BC03
G03AA04;N06AG02
G03AA04;A02BC01
G03AA04;A02BC02
G03AA04;A02BC04
G03AA04;N06AB06
G03AA04;J02AC03
G03AA05;N06AA09
G03AA05;N06AA04
G03AA05;B01AC04
G03AA05;N06AA01
G03AA05;N06AA12
G03AA05;N06AA02
G03AA05;N06AA10
G03AA05;N06AA06
G03AA05;N06AB04
G03AA05;N06AB10
G03AA05;A02BC05
G03AA05;A02BC03
G03AA05;N06AG02
G03AA05;A02BC01
G03AA05;A02BC02
G03AA05;A02BC04
G03AA05;N06AB06
G03AA05;J02AC03
G03AA06;N06AA09
G03AA06;N06AA04
G03AA06;B01AC04
G03AA06;N06AA01
G03AA06;N06AA12
G03AA06;N06AA02
G03AA06;N06AA10
G03AA06;N06AA06
G03AA06;N06AB04
G03AA06;N06AB10
G03AA06;A02BC05
G03AA06;A02BC03
G03AA06;N06AG02
G03AA06;A02BC01
G03AA06;A02BC02
G03AA06;A02BC04
G03AA06;N06AB06
G03AA06;J02AC03
G03AA07;N06AA09
G03AA07;N06AA04
G03AA07;B01AC04
G03AA07;N06AA01
G03AA07;N06AA12
G03AA07;N06AA02
G03AA07;N06AA10
G03AA07;N06AA06
G03AA07;N06AB04
G03AA07;N06AB10
G03AA07;A02BC05
G03AA07;A02BC03
G03AA07;N06AG02
G03AA07;A02BC01
G03AA07;A02BC02
G03AA07;A02BC04
G03AA07;N06AB06
G03AA07;J02AC03
G03AA08;N06AA09
G03AA08;N06AA04
G03AA08;B01AC04
G03AA08;N06AA01
G03AA08;N06AA12
G03AA08;N06AA02
G03AA08;N06AA10
G03AA08;N06AA06
G03AA08;N06AB04
G03AA08;N06AB10
G03AA08;A02BC05
G03AA08;A02BC03
G03AA08;N06AG02
G03AA08;A02BC01
G03AA08;A02BC02
G03AA08;A02BC04
G03AA08;N06AB06
G03AA08;J02AC03
G03AA09;N06AA09
G03AA09;N06AA04
G03AA09;B01AC04
G03AA09;N06AA01
G03AA09;N06AA12
G03AA09;N06AA02
G03AA09;N06AA10
G03AA09;N06AA06
G03AA09;N06AB04
G03AA09;N06AB10
G03AA09;A02BC05
G03AA09;A02BC03
G03AA09;N06AG02
G03AA09;A02BC01
G03AA09;A02BC02
G03AA09;A02BC04
G03AA09;N06AB06
G03AA09;J02AC03
G03AA10;N06AA09
G03AA10;N06AA04
G03AA10;B01AC04
G03AA10;N06AA01
G03AA10;N06AA12
G03AA10;N06AA02
G03AA10;N06AA10
G03AA10;N06AA06
G03AA10;N06AB04
G03AA10;N06AB10
G03AA10;A02BC05
G03AA10;A02BC03
G03AA10;N06AG02
G03AA10;A02BC01
G03AA10;A02BC02
G03AA10;A02BC04
G03AA10;N06AB06
G03AA10;J02AC03
G03AA11;N06AA09
G03AA11;N06AA04
G03AA11;B01AC04
G03AA11;N06AA01
G03AA11;N06AA12
G03AA11;N06AA02
G03AA11;N06AA10
G03AA11;N06AA06
G03AA11;N06AB04
G03AA11;N06AB10
G03AA11;A02BC05
G03AA11;A02BC03
G03AA11;N06AG02
G03AA11;A02BC01
G03AA11;A02BC02
G03AA11;A02BC04
G03AA11;N06AB06
G03AA11;J02AC03
G03AA12;N06AA09
G03AA12;N06AA04
G03AA12;B01AC04
G03AA12;N06AA01
G03AA12;N06AA12
G03AA12;N06AA02
G03AA12;N06AA10
G03AA12;N06AA06
G03AA12;N06AB04
G03AA12;N06AB10
G03AA12;A02BC05
G03AA12;A02BC03
G03AA12;N06AG02
G03AA12;A02BC01
G03AA12;A02BC02
G03AA12;A02BC04
G03AA12;N06AB06
G03AA12;J02AC03
G03AA13;N06AA09
G03AA13;N06AA04
G03AA13;B01AC04
G03AA13;N06AA01
G03AA13;N06AA12
G03AA13;N06AA02
G03AA13;N06AA10
G03AA13;N06AA06
G03AA13;N06AB04
G03AA13;N06AB10
G03AA13;A02BC05
G03AA13;A02BC03
G03AA13;N06AG02
G03AA13;A02BC01
G03AA13;A02BC02
G03AA13;A02BC04
G03AA13;N06AB06
G03AA13;J02AC03
G03AA14;N06AA09
G03AA14;N06AA04
G03AA14;B01AC04
G03AA14;N06AA01
G03AA14;N06AA12
G03AA14;N06AA02
G03AA14;N06AA10
G03AA14;N06AA06
G03AA14;N06AB04
G03AA14;N06AB10
G03AA14;A02BC05
G03AA14;A02BC03
G03AA14;N06AG02
G03AA14;A02BC01
G03AA14;A02BC02
G03AA14;A02BC04
G03AA14;N06AB06
G03AA14;J02AC03
G03AA15;N06AA09
G03AA15;N06AA04
G03AA15;B01AC04
G03AA15;N06AA01
G03AA15;N06AA12
G03AA15;N06AA02
G03AA15;N06AA10
G03AA15;N06AA06
G03AA15;N06AB04
G03AA15;N06AB10
G03AA15;A02BC05
G03AA15;A02BC03
G03AA15;N06AG02
G03AA15;A02BC01
G03AA15;A02BC02
G03AA15;A02BC04
G03AA15;N06AB06
G03AA15;J02AC03
G03AA16;N06AA09
G03AA16;N06AA04
G03AA16;B01AC04
G03AA16;N06AA01
G03AA16;N06AA12
G03AA16;N06AA02
G03AA16;N06AA10
G03AA16;N06AA06
G03AA16;N06AB04
G03AA16;N06AB10
G03AA16;A02BC05
G03AA16;A02BC03
G03AA16;N06AG02
G03AA16;A02BC01
G03AA16;A02BC02
G03AA16;A02BC04
G03AA16;N06AB06
G03AA16;J02AC03
G03AB01;N06AA09
G03AB01;N06AA04
G03AB01;B01AC04
G03AB01;N06AA01
G03AB01;N06AA12
G03AB01;N06AA02
G03AB01;N06AA10
G03AB01;N06AA06
G03AB01;N06AB04
G03AB01;N06AB10
G03AB01;A02BC05
G03AB01;A02BC03
G03AB01;N06AG02
G03AB01;A02BC01
G03AB01;A02BC02
G03AB01;A02BC04
G03AB01;N06AB06
G03AB01;J02AC03
G03AB02;N06AA09
G03AB02;N06AA04
G03AB02;B01AC04
G03AB02;N06AA01
G03AB02;N06AA12
G03AB02;N06AA02
G03AB02;N06AA10
G03AB02;N06AA06
G03AB02;N06AB04
G03AB02;N06AB10
G03AB02;A02BC05
G03AB02;A02BC03
G03AB02;N06AG02
G03AB02;A02BC01
G03AB02;A02BC02
G03AB02;A02BC04
G03AB02;N06AB06
G03AB02;J02AC03
G03AB03;N06AA09
G03AB03;N06AA04
G03AB03;B01AC04
G03AB03;N06AA01
G03AB03;N06AA12
G03AB03;N06AA02
G03AB03;N06AA10
G03AB03;N06AA06
G03AB03;N06AB04
G03AB03;N06AB10
G03AB03;A02BC05
G03AB03;A02BC03
G03AB03;N06AG02
G03AB03;A02BC01
G03AB03;A02BC02
G03AB03;A02BC04
G03AB03;N06AB06
G03AB03;J02AC03
G03AB04;N06AA09
G03AB04;N06AA04
G03AB04;B01AC04
G03AB04;N06AA01
G03AB04;N06AA12
G03AB04;N06AA02
G03AB04;N06AA10
G03AB04;N06AA06
G03AB04;N06AB04
G03AB04;N06AB10
G03AB04;A02BC05
G03AB04;A02BC03
G03AB04;N06AG02
G03AB04;A02BC01
G03AB04;A02BC02
G03AB04;A02BC04
G03AB04;N06AB06
G03AB04;J02AC03
G03AB05;N06AA09
G03AB05;N06AA04
G03AB05;B01AC04
G03AB05;N06AA01
G03AB05;N06AA12
G03AB05;N06AA02
G03AB05;N06AA10
G03AB05;N06AA06
G03AB05;N06AB04
G03AB05;N06AB10
G03AB05;A02BC05
G03AB05;A02BC03
G03AB05;N06AG02
G03AB05;A02BC01
G03AB05;A02BC02
G03AB05;A02BC04
G03AB05;N06AB06
G03AB05;J02AC03
G03AB06;N06AA09
G03AB06;N06AA04
G03AB06;B01AC04
G03AB06;N06AA01
G03AB06;N06AA12
G03AB06;N06AA02
G03AB06;N06AA10
G03AB06;N06AA06
G03AB06;N06AB04
G03AB06;N06AB10
G03AB06;A02BC05
G03AB06;A02BC03
G03AB06;N06AG02
G03AB06;A02BC01
G03AB06;A02BC02
G03AB06;A02BC04
G03AB06;N06AB06
G03AB06;J02AC03
G03AB07;N06AA09
G03AB07;N06AA04
G03AB07;B01AC04
G03AB07;N06AA01
G03AB07;N06AA12
G03AB07;N06AA02
G03AB07;N06AA10
G03AB07;N06AA06
G03AB07;N06AB04
G03AB07;N06AB10
G03AB07;A02BC05
G03AB07;A02BC03
G03AB07;N06AG02
G03AB07;A02BC01
G03AB07;A02BC02
G03AB07;A02BC04
G03AB07;N06AB06
G03AB07;J02AC03
G03AB08;N06AA09
G03AB08;N06AA04
G03AB08;B01AC04
G03AB08;N06AA01
G03AB08;N06AA12
G03AB08;N06AA02
G03AB08;N06AA10
G03AB08;N06AA06
G03AB08;N06AB04
G03AB08;N06AB10
G03AB08;A02BC05
G03AB08;A02BC03
G03AB08;N06AG02
G03AB08;A02BC01
G03AB08;A02BC02
G03AB08;A02BC04
G03AB08;N06AB06
G03AB08;J02AC03
N03AF01;N06AA09
N03AF01;N06AA04
N03AF01;B01AC04
N03AF01;N06AA01
N03AF01;N06AA12
N03AF01;N06AA02
N03AF01;N06AA10
N03AF01;N06AA06
N03AF01;N06AB04
N03AF01;N06AB10
N03AF01;A02BC05
N03AF01;A02BC03
N03AF01;N06AG02
N03AF01;A02BC01
N03AF01;A02BC02
N03AF01;A02BC04
N03AF01;N06AB06
N03AF01;J02AC03
J05AG03;N06AA09
J05AG03;N06AA04
J05AG03;B01AC04
J05AG03;N06AA01
J05AG03;N06AA12
J05AG03;N06AA02
J05AG03;N06AA10
J05AG03;N06AA06
J05AG03;N06AB04
J05AG03;N06AB10
J05AG03;A02BC05
J05AG03;A02BC03
J05AG03;N06AG02
J05AG03;A02BC01
J05AG03;A02BC02
J05AG03;A02BC04
J05AG03;N06AB06
J05AG03;J02AC03
L02BB04;N06AA09
L02BB04;N06AA04
L02BB04;B01AC04
L02BB04;N06AA01
L02BB04;N06AA12
L02BB04;N06AA02
L02BB04;N06AA10
L02BB04;N06AA06
L02BB04;N06AB04
L02BB04;N06AB10
L02BB04;A02BC05
L02BB04;A02BC03
L02BB04;N06AG02
L02BB04;A02BC01
L02BB04;A02BC02
L02BB04;A02BC04
L02BB04;N06AB06
L02BB04;J02AC03
N03AA02;N06AA09
N03AA02;N06AA04
N03AA02;B01AC04
N03AA02;N06AA01
N03AA02;N06AA12
N03AA02;N06AA02
N03AA02;N06AA10
N03AA02;N06AA06
N03AA02;N06AB04
N03AA02;N06AB10
N03AA02;A02BC05
N03AA02;A02BC03
N03AA02;N06AG02
N03AA02;A02BC01
N03AA02;A02BC02
N03AA02;A02BC04
N03AA02;N06AB06
N03AA02;J02AC03
H02AB07;N06AA09
H02AB07;N06AA04
H02AB07;B01AC04
H02AB07;N06AA01
H02AB07;N06AA12
H02AB07;N06AA02
H02AB07;N06AA10
H02AB07;N06AA06
H02AB07;N06AB04
H02AB07;N06AB10
H02AB07;A02BC05
H02AB07;A02BC03
H02AB07;N06AG02
H02AB07;A02BC01
H02AB07;A02BC02
H02AB07;A02BC04
H02AB07;N06AB06
H02AB07;J02AC03
J04AB02;N06AA09
J04AB02;N06AA04
J04AB02;B01AC04
J04AB02;N06AA01
J04AB02;N06AA12
J04AB02;N06AA02
J04AB02;N06AA10
J04AB02;N06AA06
J04AB02;N06AB04
J04AB02;N06AB10
J04AB02;A02BC05
J04AB02;A02BC03
J04AB02;N06AG02
J04AB02;A02BC01
J04AB02;A02BC02
J04AB02;A02BC04
J04AB02;N06AB06
J04AB02;J02AC03
J05AE03;N06AA09
J05AE03;N06AA04
J05AE03;B01AC04
J05AE03;N06AA01
J05AE03;N06AA12
J05AE03;N06AA02
J05AE03;N06AA10
J05AE03;N06AA06
J05AE03;N06AB04
J05AE03;N06AB10
J05AE03;A02BC05
J05AE03;A02BC03
J05AE03;N06AG02
J05AE03;A02BC01
J05AE03;A02BC02
J05AE03;A02BC04
J05AE03;N06AB06
J05AE03;J02AC03
P01BE02;N06AA09
P01BE02;N06AA04
P01BE02;B01AC04
P01BE02;N06AA01
P01BE02;N06AA12
P01BE02;N06AA02
P01BE02;N06AA10
P01BE02;N06AA06
P01BE02;N06AB04
P01BE02;N06AB10
P01BE02;A02BC05
P01BE02;A02BC03
P01BE02;N06AG02
P01BE02;A02BC01
P01BE02;A02BC02
P01BE02;A02BC04
P01BE02;N06AB06
P01BE02;J02AC03
P01BE01;N06AA09
P01BE01;N06AA04
P01BE01;B01AC04
P01BE01;N06AA01
P01BE01;N06AA12
P01BE01;N06AA02
P01BE01;N06AA10
P01BE01;N06AA06
P01BE01;N06AB04
P01BE01;N06AB10
P01BE01;A02BC05
P01BE01;A02BC03
P01BE01;N06AG02
P01BE01;A02BC01
P01BE01;A02BC02
P01BE01;A02BC04
P01BE01;N06AB06
P01BE01;J02AC03
N01AF01;N06AA09
N01AF01;N06AA04
N01AF01;B01AC04
N01AF01;N06AA01
N01AF01;N06AA12
N01AF01;N06AA02
N01AF01;N06AA10
N01AF01;N06AA06
N01AF01;N06AB04
N01AF01;N06AB10
N01AF01;A02BC05
N01AF01;A02BC03
N01AF01;N06AG02
N01AF01;A02BC01
N01AF01;A02BC02
N01AF01;A02BC04
N01AF01;N06AB06
N01AF01;J02AC03
N03AB02;N06AA09
N03AB02;N06AA04
N03AB02;B01AC04
N03AB02;N06AA01
N03AB02;N06AA12
N03AB02;N06AA02
N03AB02;N06AA10
N03AB02;N06AA06
N03AB02;N06AB04
N03AB02;N06AB10
N03AB02;A02BC05
N03AB02;A02BC03
N03AB02;N06AG02
N03AB02;A02BC01
N03AB02;A02BC02
N03AB02;A02BC04
N03AB02;N06AB06
N03AB02;J02AC03
N03AA03;N06AA09
N03AA03;N06AA04
N03AA03;B01AC04
N03AA03;N06AA01
N03AA03;N06AA12
N03AA03;N06AA02
N03AA03;N06AA10
N03AA03;N06AA06
N03AA03;N06AB04
N03AA03;N06AB10
N03AA03;A02BC05
N03AA03;A02BC03
N03AA03;N06AG02
N03AA03;A02BC01
N03AA03;A02BC02
N03AA03;A02BC04
N03AA03;N06AB06
N03AA03;J02AC03
J05AR06;N06AA09
J05AR06;N06AA04
J05AR06;B01AC04
J05AR06;N06AA01
J05AR06;N06AA12
J05AR06;N06AA02
J05AR06;N06AA10
J05AR06;N06AA06
J05AR06;N06AB04
J05AR06;N06AB10
J05AR06;A02BC05
J05AR06;A02BC03
J05AR06;N06AG02
J05AR06;A02BC01
J05AR06;A02BC02
J05AR06;A02BC04
J05AR06;N06AB06
J05AR06;J02AC03
J04AM02;N06AA09
J04AM02;N06AA04
J04AM02;B01AC04
J04AM02;N06AA01
J04AM02;N06AA12
J04AM02;N06AA02
J04AM02;N06AA10
J04AM02;N06AA06
J04AM02;N06AB04
J04AM02;N06AB10
J04AM02;A02BC05
J04AM02;A02BC03
J04AM02;N06AG02
J04AM02;A02BC01
J04AM02;A02BC02
J04AM02;A02BC04
J04AM02;N06AB06
J04AM02;J02AC03
J05AX67;N06AA09
J05AX67;N06AA04
J05AX67;B01AC04
J05AX67;N06AA01
J05AX67;N06AA12
J05AX67;N06AA02
J05AX67;N06AA10
J05AX67;N06AA06
J05AX67;N06AB04
J05AX67;N06AB10
J05AX67;A02BC05
J05AX67;A02BC03
J05AX67;N06AG02
J05AX67;A02BC01
J05AX67;A02BC02
J05AX67;A02BC04
J05AX67;N06AB06
J05AX67;J02AC03
P01BF01;N06AA09
P01BF01;N06AA04
P01BF01;B01AC04
P01BF01;N06AA01
P01BF01;N06AA12
P01BF01;N06AA02
P01BF01;N06AA10
P01BF01;N06AA06
P01BF01;N06AB04
P01BF01;N06AB10
P01BF01;A02BC05
P01BF01;A02BC03
P01BF01;N06AG02
P01BF01;A02BC01
P01BF01;A02BC02
P01BF01;A02BC04
P01BF01;N06AB06
P01BF01;J02AC03
P01BE;N06AA09
P01BE;N06AA04
P01BE;B01AC04
P01BE;N06AA01
P01BE;N06AA12
P01BE;N06AA02
P01BE;N06AA10
P01BE;N06AA06
P01BE;N06AB04
P01BE;N06AB10
P01BE;A02BC05
P01BE;A02BC03
P01BE;N06AG02
P01BE;A02BC01
P01BE;A02BC02
P01BE;A02BC04
P01BE;N06AB06
P01BE;J02AC03
N01AF02;N06AA09
N01AF02;N06AA04
N01AF02;B01AC04
N01AF02;N06AA01
N01AF02;N06AA12
N01AF02;N06AA02
N01AF02;N06AA10
N01AF02;N06AA06
N01AF02;N06AB04
N01AF02;N06AB10
N01AF02;A02BC05
N01AF02;A02BC03
N01AF02;N06AG02
N01AF02;A02BC01
N01AF02;A02BC02
N01AF02;A02BC04
N01AF02;N06AB06
N01AF02;J02AC03
N03AB52;N06AA09
N03AB52;N06AA04
N03AB52;B01AC04
N03AB52;N06AA01
N03AB52;N06AA12
N03AB52;N06AA02
N03AB52;N06AA10
N03AB52;N06AA06
N03AB52;N06AB04
N03AB52;N06AB10
N03AB52;A02BC05
N03AB52;A02BC03
N03AB52;N06AG02
N03AB52;A02BC01
N03AB52;A02BC02
N03AB52;A02BC04
N03AB52;N06AB06
N03AB52;J02AC03
J05AR11;N06AA09
J05AR11;N06AA04
J05AR11;B01AC04
J05AR11;N06AA01
J05AR11;N06AA12
J05AR11;N06AA02
J05AR11;N06AA10
J05AR11;N06AA06
J05AR11;N06AB04
J05AR11;N06AB10
J05AR11;A02BC05
J05AR11;A02BC03
J05AR11;N06AG02
J05AR11;A02BC01
J05AR11;A02BC02
J05AR11;A02BC04
J05AR11;N06AB06
J05AR11;J02AC03
J04AM05;N06AA09
J04AM05;N06AA04
J04AM05;B01AC04
J04AM05;N06AA01
J04AM05;N06AA12
J04AM05;N06AA02
J04AM05;N06AA10
J04AM05;N06AA06
J04AM05;N06AB04
J04AM05;N06AB10
J04AM05;A02BC05
J04AM05;A02BC03
J04AM05;N06AG02
J04AM05;A02BC01
J04AM05;A02BC02
J04AM05;A02BC04
J04AM05;N06AB06
J04AM05;J02AC03
J05AR10;N06AA09
J05AR10;N06AA04
J05AR10;B01AC04
J05AR10;N06AA01
J05AR10;N06AA12
J05AR10;N06AA02
J05AR10;N06AA10
J05AR10;N06AA06
J05AR10;N06AB04
J05AR10;N06AB10
J05AR10;A02BC05
J05AR10;A02BC03
J05AR10;N06AG02
J05AR10;A02BC01
J05AR10;A02BC02
J05AR10;A02BC04
J05AR10;N06AB06
J05AR10;J02AC03
P01BF;N06AA09
P01BF;N06AA04
P01BF;B01AC04
P01BF;N06AA01
P01BF;N06AA12
P01BF;N06AA02
P01BF;N06AA10
P01BF;N06AA06
P01BF;N06AB04
P01BF;N06AB10
P01BF;A02BC05
P01BF;A02BC03
P01BF;N06AG02
P01BF;A02BC01
P01BF;A02BC02
P01BF;A02BC04
P01BF;N06AB06
P01BF;J02AC03
N01AF03;N06AA09
N01AF03;N06AA04
N01AF03;B01AC04
N01AF03;N06AA01
N01AF03;N06AA12
N01AF03;N06AA02
N01AF03;N06AA10
N01AF03;N06AA06
N01AF03;N06AB04
N01AF03;N06AB10
N01AF03;A02BC05
N01AF03;A02BC03
N01AF03;N06AG02
N01AF03;A02BC01
N01AF03;A02BC02
N01AF03;A02BC04
N01AF03;N06AB06
N01AF03;J02AC03
J04AM06;N06AA09
J04AM06;N06AA04
J04AM06;B01AC04
J04AM06;N06AA01
J04AM06;N06AA12
J04AM06;N06AA02
J04AM06;N06AA10
J04AM06;N06AA06
J04AM06;N06AB04
J04AM06;N06AB10
J04AM06;A02BC05
J04AM06;A02BC03
J04AM06;N06AG02
J04AM06;A02BC01
J04AM06;A02BC02
J04AM06;A02BC04
J04AM06;N06AB06
J04AM06;J02AC03
J05AX66;N06AA09
J05AX66;N06AA04
J05AX66;B01AC04
J05AX66;N06AA01
J05AX66;N06AA12
J05AX66;N06AA02
J05AX66;N06AA10
J05AX66;N06AA06
J05AX66;N06AB04
J05AX66;N06AB10
J05AX66;A02BC05
J05AX66;A02BC03
J05AX66;N06AG02
J05AX66;A02BC01
J05AX66;A02BC02
J05AX66;A02BC04
J05AX66;N06AB06
J05AX66;J02AC03
N05CA01;N06AA09
N05CA01;N06AA04
N05CA01;B01AC04
N05CA01;N06AA01
N05CA01;N06AA12
N05CA01;N06AA02
N05CA01;N06AA10
N05CA01;N06AA06
N05CA01;N06AB04
N05CA01;N06AB10
N05CA01;A02BC05
N05CA01;A02BC03
N05CA01;N06AG02
N05CA01;A02BC01
N05CA01;A02BC02
N05CA01;A02BC04
N05CA01;N06AB06
N05CA01;J02AC03
N05CA02;N06AA09
N05CA02;N06AA04
N05CA02;B01AC04
N05CA02;N06AA01
N05CA02;N06AA12
N05CA02;N06AA02
N05CA02;N06AA10
N05CA02;N06AA06
N05CA02;N06AB04
N05CA02;N06AB10
N05CA02;A02BC05
N05CA02;A02BC03
N05CA02;N06AG02
N05CA02;A02BC01
N05CA02;A02BC02
N05CA02;A02BC04
N05CA02;N06AB06
N05CA02;J02AC03
N05CA03;N06AA09
N05CA03;N06AA04
N05CA03;B01AC04
N05CA03;N06AA01
N05CA03;N06AA12
N05CA03;N06AA02
N05CA03;N06AA10
N05CA03;N06AA06
N05CA03;N06AB04
N05CA03;N06AB10
N05CA03;A02BC05
N05CA03;A02BC03
N05CA03;N06AG02
N05CA03;A02BC01
N05CA03;A02BC02
N05CA03;A02BC04
N05CA03;N06AB06
N05CA03;J02AC03
N05CA04;N06AA09
N05CA04;N06AA04
N05CA04;B01AC04
N05CA04;N06AA01
N05CA04;N06AA12
N05CA04;N06AA02
N05CA04;N06AA10
N05CA04;N06AA06
N05CA04;N06AB04
N05CA04;N06AB10
N05CA04;A02BC05
N05CA04;A02BC03
N05CA04;N06AG02
N05CA04;A02BC01
N05CA04;A02BC02
N05CA04;A02BC04
N05CA04;N06AB06
N05CA04;J02AC03
N05CA05;N06AA09
N05CA05;N06AA04
N05CA05;B01AC04
N05CA05;N06AA01
N05CA05;N06AA12
N05CA05;N06AA02
N05CA05;N06AA10
N05CA05;N06AA06
N05CA05;N06AB04
N05CA05;N06AB10
N05CA05;A02BC05
N05CA05;A02BC03
N05CA05;N06AG02
N05CA05;A02BC01
N05CA05;A02BC02
N05CA05;A02BC04
N05CA05;N06AB06
N05CA05;J02AC03
N05CA06;N06AA09
N05CA06;N06AA04
N05CA06;B01AC04
N05CA06;N06AA01
N05CA06;N06AA12
N05CA06;N06AA02
N05CA06;N06AA10
N05CA06;N06AA06
N05CA06;N06AB04
N05CA06;N06AB10
N05CA06;A02BC05
N05CA06;A02BC03
N05CA06;N06AG02
N05CA06;A02BC01
N05CA06;A02BC02
N05CA06;A02BC04
N05CA06;N06AB06
N05CA06;J02AC03
N05CA07;N06AA09
N05CA07;N06AA04
N05CA07;B01AC04
N05CA07;N06AA01
N05CA07;N06AA12
N05CA07;N06AA02
N05CA07;N06AA10
N05CA07;N06AA06
N05CA07;N06AB04
N05CA07;N06AB10
N05CA07;A02BC05
N05CA07;A02BC03
N05CA07;N06AG02
N05CA07;A02BC01
N05CA07;A02BC02
N05CA07;A02BC04
N05CA07;N06AB06
N05CA07;J02AC03
N05CA08;N06AA09
N05CA08;N06AA04
N05CA08;B01AC04
N05CA08;N06AA01
N05CA08;N06AA12
N05CA08;N06AA02
N05CA08;N06AA10
N05CA08;N06AA06
N05CA08;N06AB04
N05CA08;N06AB10
N05CA08;A02BC05
N05CA08;A02BC03
N05CA08;N06AG02
N05CA08;A02BC01
N05CA08;A02BC02
N05CA08;A02BC04
N05CA08;N06AB06
N05CA08;J02AC03
N05CA09;N06AA09
N05CA09;N06AA04
N05CA09;B01AC04
N05CA09;N06AA01
N05CA09;N06AA12
N05CA09;N06AA02
N05CA09;N06AA10
N05CA09;N06AA06
N05CA09;N06AB04
N05CA09;N06AB10
N05CA09;A02BC05
N05CA09;A02BC03
N05CA09;N06AG02
N05CA09;A02BC01
N05CA09;A02BC02
N05CA09;A02BC04
N05CA09;N06AB06
N05CA09;J02AC03
N05CA10;N06AA09
N05CA10;N06AA04
N05CA10;B01AC04
N05CA10;N06AA01
N05CA10;N06AA12
N05CA10;N06AA02
N05CA10;N06AA10
N05CA10;N06AA06
N05CA10;N06AB04
N05CA10;N06AB10
N05CA10;A02BC05
N05CA10;A02BC03
N05CA10;N06AG02
N05CA10;A02BC01
N05CA10;A02BC02
N05CA10;A02BC04
N05CA10;N06AB06
N05CA10;J02AC03
N05CA11;N06AA09
N05CA11;N06AA04
N05CA11;B01AC04
N05CA11;N06AA01
N05CA11;N06AA12
N05CA11;N06AA02
N05CA11;N06AA10
N05CA11;N06AA06
N05CA11;N06AB04
N05CA11;N06AB10
N05CA11;A02BC05
N05CA11;A02BC03
N05CA11;N06AG02
N05CA11;A02BC01
N05CA11;A02BC02
N05CA11;A02BC04
N05CA11;N06AB06
N05CA11;J02AC03
N05CA12;N06AA09
N05CA12;N06AA04
N05CA12;B01AC04
N05CA12;N06AA01
N05CA12;N06AA12
N05CA12;N06AA02
N05CA12;N06AA10
N05CA12;N06AA06
N05CA12;N06AB04
N05CA12;N06AB10
N05CA12;A02BC05
N05CA12;A02BC03
N05CA12;N06AG02
N05CA12;A02BC01
N05CA12;A02BC02
N05CA12;A02BC04
N05CA12;N06AB06
N05CA12;J02AC03
N05CA15;N06AA09
N05CA15;N06AA04
N05CA15;B01AC04
N05CA15;N06AA01
N05CA15;N06AA12
N05CA15;N06AA02
N05CA15;N06AA10
N05CA15;N06AA06
N05CA15;N06AB04
N05CA15;N06AB10
N05CA15;A02BC05
N05CA15;A02BC03
N05CA15;N06AG02
N05CA15;A02BC01
N05CA15;A02BC02
N05CA15;A02BC04
N05CA15;N06AB06
N05CA15;J02AC03
N05CA16;N06AA09
N05CA16;N06AA04
N05CA16;B01AC04
N05CA16;N06AA01
N05CA16;N06AA12
N05CA16;N06AA02
N05CA16;N06AA10
N05CA16;N06AA06
N05CA16;N06AB04
N05CA16;N06AB10
N05CA16;A02BC05
N05CA16;A02BC03
N05CA16;N06AG02
N05CA16;A02BC01
N05CA16;A02BC02
N05CA16;A02BC04
N05CA16;N06AB06
N05CA16;J02AC03
N05CA19;N06AA09
N05CA19;N06AA04
N05CA19;B01AC04
N05CA19;N06AA01
N05CA19;N06AA12
N05CA19;N06AA02
N05CA19;N06AA10
N05CA19;N06AA06
N05CA19;N06AB04
N05CA19;N06AB10
N05CA19;A02BC05
N05CA19;A02BC03
N05CA19;N06AG02
N05CA19;A02BC01
N05CA19;A02BC02
N05CA19;A02BC04
N05CA19;N06AB06
N05CA19;J02AC03
N05CA20;N06AA09
N05CA20;N06AA04
N05CA20;B01AC04
N05CA20;N06AA01
N05CA20;N06AA12
N05CA20;N06AA02
N05CA20;N06AA10
N05CA20;N06AA06
N05CA20;N06AB04
N05CA20;N06AB10
N05CA20;A02BC05
N05CA20;A02BC03
N05CA20;N06AG02
N05CA20;A02BC01
N05CA20;A02BC02
N05CA20;A02BC04
N05CA20;N06AB06
N05CA20;J02AC03
N05CA21;N06AA09
N05CA21;N06AA04
N05CA21;B01AC04
N05CA21;N06AA01
N05CA21;N06AA12
N05CA21;N06AA02
N05CA21;N06AA10
N05CA21;N06AA06
N05CA21;N06AB04
N05CA21;N06AB10
N05CA21;A02BC05
N05CA21;A02BC03
N05CA21;N06AG02
N05CA21;A02BC01
N05CA21;A02BC02
N05CA21;A02BC04
N05CA21;N06AB06
N05CA21;J02AC03
N05CA22;N06AA09
N05CA22;N06AA04
N05CA22;B01AC04
N05CA22;N06AA01
N05CA22;N06AA12
N05CA22;N06AA02
N05CA22;N06AA10
N05CA22;N06AA06
N05CA22;N06AB04
N05CA22;N06AB10
N05CA22;A02BC05
N05CA22;A02BC03
N05CA22;N06AG02
N05CA22;A02BC01
N05CA22;A02BC02
N05CA22;A02BC04
N05CA22;N06AB06
N05CA22;J02AC03
N01AG01;N06AA09
N01AG01;N06AA04
N01AG01;B01AC04
N01AG01;N06AA01
N01AG01;N06AA12
N01AG01;N06AA02
N01AG01;N06AA10
N01AG01;N06AA06
N01AG01;N06AB04
N01AG01;N06AB10
N01AG01;A02BC05
N01AG01;A02BC03
N01AG01;N06AG02
N01AG01;A02BC01
N01AG01;A02BC02
N01AG01;A02BC04
N01AG01;N06AB06
N01AG01;J02AC03
N03AA01;N06AA09
N03AA01;N06AA04
N03AA01;B01AC04
N03AA01;N06AA01
N03AA01;N06AA12
N03AA01;N06AA02
N03AA01;N06AA10
N03AA01;N06AA06
N03AA01;N06AB04
N03AA01;N06AB10
N03AA01;A02BC05
N03AA01;A02BC03
N03AA01;N06AG02
N03AA01;A02BC01
N03AA01;A02BC02
N03AA01;A02BC04
N03AA01;N06AB06
N03AA01;J02AC03
N03AA02;N06AA09
N03AA02;N06AA04
N03AA02;B01AC04
N03AA02;N06AA01
N03AA02;N06AA12
N03AA02;N06AA02
N03AA02;N06AA10
N03AA02;N06AA06
N03AA02;N06AB04
N03AA02;N06AB10
N03AA02;A02BC05
N03AA02;A02BC03
N03AA02;N06AG02
N03AA02;A02BC01
N03AA02;A02BC02
N03AA02;A02BC04
N03AA02;N06AB06
N03AA02;J02AC03
N03AA03;N06AA09
N03AA03;N06AA04
N03AA03;B01AC04
N03AA03;N06AA01
N03AA03;N06AA12
N03AA03;N06AA02
N03AA03;N06AA10
N03AA03;N06AA06
N03AA03;N06AB04
N03AA03;N06AB10
N03AA03;A02BC05
N03AA03;A02BC03
N03AA03;N06AG02
N03AA03;A02BC01
N03AA03;A02BC02
N03AA03;A02BC04
N03AA03;N06AB06
N03AA03;J02AC03
N03AA04;N06AA09
N03AA04;N06AA04
N03AA04;B01AC04
N03AA04;N06AA01
N03AA04;N06AA12
N03AA04;N06AA02
N03AA04;N06AA10
N03AA04;N06AA06
N03AA04;N06AB04
N03AA04;N06AB10
N03AA04;A02BC05
N03AA04;A02BC03
N03AA04;N06AG02
N03AA04;A02BC01
N03AA04;A02BC02
N03AA04;A02BC04
N03AA04;N06AB06
N03AA04;J02AC03
N03AA30;N06AA09
N03AA30;N06AA04
N03AA30;B01AC04
N03AA30;N06AA01
N03AA30;N06AA12
N03AA30;N06AA02
N03AA30;N06AA10
N03AA30;N06AA06
N03AA30;N06AB04
N03AA30;N06AB10
N03AA30;A02BC05
N03AA30;A02BC03
N03AA30;N06AG02
N03AA30;A02BC01
N03AA30;A02BC02
N03AA30;A02BC04
N03AA30;N06AB06
N03AA30;J02AC03
N05CB01;N06AA09
N05CB01;N06AA04
N05CB01;B01AC04
N05CB01;N06AA01
N05CB01;N06AA12
N05CB01;N06AA02
N05CB01;N06AA10
N05CB01;N06AA06
N05CB01;N06AB04
N05CB01;N06AB10
N05CB01;A02BC05
N05CB01;A02BC03
N05CB01;N06AG02
N05CB01;A02BC01
N05CB01;A02BC02
N05CB01;A02BC04
N05CB01;N06AB06
N05CB01;J02AC03
N05CB02;N06AA09
N05CB02;N06AA04
N05CB02;B01AC04
N05CB02;N06AA01
N05CB02;N06AA12
N05CB02;N06AA02
N05CB02;N06AA10
N05CB02;N06AA06
N05CB02;N06AB04
N05CB02;N06AB10
N05CB02;A02BC05
N05CB02;A02BC03
N05CB02;N06AG02
N05CB02;A02BC01
N05CB02;A02BC02
N05CB02;A02BC04
N05CB02;N06AB06
N05CB02;J02AC03
