C10AA01;J05AE02
C10BA02;J05AE02
C10BX01;J05AE02
C10AA01;J05AE01
C10BA02;J05AE01
C10BX01;J05AE01
C10AA01;J05AE09
C10BA02;J05AE09
C10BX01;J05AE09
C10AA01;J05AE03
C10BA02;J05AE03
C10BX01;J05AE03
C10AA01;J05AE04
C10BA02;J05AE04
C10BX01;J05AE04
C10AA01;J05AE08
C10BA02;J05AE08
C10BX01;J05AE08
C10AA01;J05AE05
C10BA02;J05AE05
C10BX01;J05AE05
C10AA01;J05AE06
C10BA02;J05AE06
C10BX01;J05AE06
C10AA01;J01FA09
C10AA01;A02BD04
C10AA01;A02BD05
C10AA01;A02BD06
C10BA02;J01FA09
C10BA02;A02BD04
C10BA02;A02BD05
C10BA02;A02BD06
C10BX01;J01FA09
C10BX01;A02BD04
C10BX01;A02BD05
C10BX01;A02BD06
C10AA01;D10AF02
C10AA01;D10AF52
C10AA01;S01AA17
C10AA01;J01FA01
C10AA01;R05GB07
C10BA02;D10AF02
C10BA02;D10AF52
C10BA02;S01AA17
C10BA02;J01FA01
C10BA02;R05GB07
C10BX01;D10AF02
C10BX01;D10AF52
C10BX01;S01AA17
C10BX01;J01FA01
C10BX01;R05GB07
C10AA01;J01FA15
C10BA02;J01FA15
C10BX01;J01FA15
C10AA01;C01BD01
C10BA02;C01BD01
C10BX01;C01BD01
C10AA01;C08DA01
C10AA01;C08DA81
C10AA01;C08DA51
C10AA01;C08GA02
C10BA02;C08DA01
C10BA02;C08DA81
C10BA02;C08DA51
C10BA02;C08GA02
C10BX01;C08DA01
C10BX01;C08DA81
C10BX01;C08DA51
C10BX01;C08GA02
C10AA01;C08DB01
C10BA02;C08DB01
C10BX01;C08DB01
C10AA01;J02AC02
C10BA02;J02AC02
C10BX01;J02AC02
C10AA01;J02AC01
C10BA02;J02AC01
C10BX01;J02AC01
C10AA01;N06AX06
C10BA02;N06AX06
C10BX01;N06AX06
C10AA02;J05AE02
C10BA01;J05AE02
C10AA02;J05AE01
C10BA01;J05AE01
C10AA02;J05AE09
C10BA01;J05AE09
C10AA02;J05AE03
C10BA01;J05AE03
C10AA02;J05AE04
C10BA01;J05AE04
C10AA02;J05AE08
C10BA01;J05AE08
C10AA02;J05AE05
C10BA01;J05AE05
C10AA02;J05AE06
C10BA01;J05AE06
C10AA02;J01FA09
C10AA02;A02BD04
C10AA02;A02BD05
C10AA02;A02BD06
C10BA01;J01FA09
C10BA01;A02BD04
C10BA01;A02BD05
C10BA01;A02BD06
C10AA02;D10AF02
C10AA02;D10AF52
C10AA02;S01AA17
C10AA02;J01FA01
C10AA02;R05GB07
C10BA01;D10AF02
C10BA01;D10AF52
C10BA01;S01AA17
C10BA01;J01FA01
C10BA01;R05GB07
C10AA02;J01FA15
C10BA01;J01FA15
C10AA02;C01BD01
C10BA01;C01BD01
C10AA02;C08DA01
C10AA02;C08DA81
C10AA02;C08DA51
C10AA02;C08GA02
C10BA01;C08DA01
C10BA01;C08DA81
C10BA01;C08DA51
C10BA01;C08GA02
C10AA02;C08DB01
C10BA01;C08DB01
C10AA02;J02AC02
C10BA01;J02AC02
C10AA02;J02AC01
C10BA01;J02AC01
C10AA02;N06AX06
C10BA01;N06AX06
