N06AA01;N06AF04
N06AA01;N06CA03
N06AA01;N06AF03
N06AA01;N06AF01
N06AA01;N04BD01
N06AA01;L01XB01
N06AA02;N06AF04
N06AA02;N06CA03
N06AA02;N06AF03
N06AA02;N06AF01
N06AA02;N04BD01
N06AA02;L01XB01
N06AA03;N06AF04
N06AA03;N06CA03
N06AA03;N06AF03
N06AA03;N06AF01
N06AA03;N04BD01
N06AA03;L01XB01
N06AA04;N06AF04
N06AA04;N06CA03
N06AA04;N06AF03
N06AA04;N06AF01
N06AA04;N04BD01
N06AA04;L01XB01
N06AA05;N06AF04
N06AA05;N06CA03
N06AA05;N06AF03
N06AA05;N06AF01
N06AA05;N04BD01
N06AA05;L01XB01
N06AA06;N06AF04
N06AA06;N06CA03
N06AA06;N06AF03
N06AA06;N06AF01
N06AA06;N04BD01
N06AA06;L01XB01
N06AA07;N06AF04
N06AA07;N06CA03
N06AA07;N06AF03
N06AA07;N06AF01
N06AA07;N04BD01
N06AA07;L01XB01
N06AA08;N06AF04
N06AA08;N06CA03
N06AA08;N06AF03
N06AA08;N06AF01
N06AA08;N04BD01
N06AA08;L01XB01
N06AA09;N06AF04
N06AA09;N06CA03
N06AA09;N06AF03
N06AA09;N06AF01
N06AA09;N04BD01
N06AA09;L01XB01
N06AA10;N06AF04
N06AA10;N06CA03
N06AA10;N06AF03
N06AA10;N06AF01
N06AA10;N04BD01
N06AA10;L01XB01
N06AA11;N06AF04
N06AA11;N06CA03
N06AA11;N06AF03
N06AA11;N06AF01
N06AA11;N04BD01
N06AA11;L01XB01
N06AA12;N06AF04
N06AA12;N06CA03
N06AA12;N06AF03
N06AA12;N06AF01
N06AA12;N04BD01
N06AA12;L01XB01
N06AA13;N06AF04
N06AA13;N06CA03
N06AA13;N06AF03
N06AA13;N06AF01
N06AA13;N04BD01
N06AA13;L01XB01
N06AA14;N06AF04
N06AA14;N06CA03
N06AA14;N06AF03
N06AA14;N06AF01
N06AA14;N04BD01
N06AA14;L01XB01
N06AA15;N06AF04
N06AA15;N06CA03
N06AA15;N06AF03
N06AA15;N06AF01
N06AA15;N04BD01
N06AA15;L01XB01
N06AA16;N06AF04
N06AA16;N06CA03
N06AA16;N06AF03
N06AA16;N06AF01
N06AA16;N04BD01
N06AA16;L01XB01
N06AA17;N06AF04
N06AA17;N06CA03
N06AA17;N06AF03
N06AA17;N06AF01
N06AA17;N04BD01
N06AA17;L01XB01
N06AA18;N06AF04
N06AA18;N06CA03
N06AA18;N06AF03
N06AA18;N06AF01
N06AA18;N04BD01
N06AA18;L01XB01
N06AA19;N06AF04
N06AA19;N06CA03
N06AA19;N06AF03
N06AA19;N06AF01
N06AA19;N04BD01
N06AA19;L01XB01
N06AA20;N06AF04
N06AA20;N06CA03
N06AA20;N06AF03
N06AA20;N06AF01
N06AA20;N04BD01
N06AA20;L01XB01
N06AA21;N06AF04
N06AA21;N06CA03
N06AA21;N06AF03
N06AA21;N06AF01
N06AA21;N04BD01
N06AA21;L01XB01
N06AA23;N06AF04
N06AA23;N06CA03
N06AA23;N06AF03
N06AA23;N06AF01
N06AA23;N04BD01
N06AA23;L01XB01
N06AA25;N06AF04
N06AA25;N06CA03
N06AA25;N06AF03
N06AA25;N06AF01
N06AA25;N04BD01
N06AA25;L01XB01
